STT,SMILES,CID,IC50 (uM),FIRST_LABEL,ACTIVITY,DUPLICATE_COUNTS
1,CSC1=CC2=C(C=C1)SC3=CC=CC=C3N2CC4=CC=C(C=C4)C(=O)NO,164629157,0.68,Active,1,1
2,C1=CC=C2C(=C1)N(C3=C(S2=O)C=CC(=C3)C(F)(F)F)CC4=CC=C(C=C4)C(=O)NO,164627475,2.12,Active,0,1
3,CCCC[C@@H](C1=NC=C(N1)C2=CC3=CC=CC=C3N=C2OC)NC(=O)[C@H](CN)C4=C(NC5=C4C=C(C=C5)OC)C,164627330,2.00525,Active,0,4
4,C1=CC=C2C(=C1)N(C3=C(S2)C=CC(=C3)C(=O)NC4=NC=C(C=C4)Br)CC5=CC=C(C=C5)C(=O)NO,164626486,0.03,Active,1,1
5,C/C(=N\O)/C1=CC2=C(C=C1)SC3=CC=CC=C3N2CC4=CC=C(C=C4)C(=O)NO,164626034,0.33,Active,1,1
6,CCCC[C@@H](C1=NC=C(N1)C2=CC3=CC=CC=C3N=C2OC)NC(=O)CC4=CNC5=CC=CC=C54,164625922,2.7,Active,0,1
7,CCC[C@@H](C1=NC=C(N1)C2=CC3=CC=CC=C3N=C2OC)NC(=O)C4CN(C4)C,164625443,3.4,Active,0,1
8,C1=CC=C2C(=C1)N(C3=C(S2)C=CC(=C3)C(=O)N)CC4=CC=C(C=C4)C(=O)NO,164625429,0.6,Active,1,2
9,CNC(=O)CCCCCCCN1C2=NC=NC(=C2C(=N1)C3=CC4=C(C=C3)OC(=N4)N)N,164623855,0.0034,Active,1,1
10,C1=CC=C(C=C1)N2C(=NN=C2SCC3=CC=C(C=C3)C(=O)NC4=CC=CC=C4N)C5=CC=NC=C5,164623524,8.39,Active,0,1
11,C1=CC=C(C=C1)N2C(=NN=C2SCCCCCC(=O)O)C3=CC=NC=C3,164621264,0.64,Active,1,1
12,C=CCN1C(=NN=C1SCCCCCC(=O)NC2=CC=CC=C2N)C3=CC=NC=C3,164621002,1.4,Active,0,1
13,CC[C@H](C)[C@H]1C(=O)N2CCCC[C@@H]2C(=O)N[C@@H](C(=O)N[C@@H](C(=O)N1)CC3=CN(C4=CC=CC=C43)OC)CCCCCC(=O)CC,164619879,1.52975,Active,0,4
14,CSC1=CC2=C(C=C1)S(=O)C3=CC=CC=C3N2CC4=CC=C(C=C4)C(=O)NO,164619071,1.68,Active,0,1
15,CCCC[C@@H](C1=NC=C(N1)C2=CC3=CC=CC=C3N=C2OC)NC(=O)[C@H](C)C4=C(NC5=C4C=C(C=C5)OC)C,164619017,0.21,Active,1,2
16,C1=CC=C2C(=C1)N(C3=C(S2)C=CC(=C3)C(=O)N)CC4=CC=C(C=C4)/C=C/C(=O)NO,164618031,0.02,Active,1,1
17,C1=CC=C2C(=C1)N(C3=C(S2)C=CC(=C3)C(=O)NC4=CC=CC=N4)CC5=CC=C(C=C5)C(=O)NO,164617889,0.04,Active,1,1
18,CN1C(=NN=C1SCC2=CC=C(C=C2)C(=O)NO)C3=CC=NC=C3,164617449,4.35,Active,0,1
19,C1=CC=C2C(=C1)N(C3=CC=CC=C3S2)CC4=NC=C(C=C4)C(=O)NO.Cl,164617135,1.962,Active,0,1
20,CC(C)S(=O)(=O)C1=CC=CC=C1NC2=NC(=NC=C2Cl)NC3=CC=C(C=C3)NC(=O)CCCCCCC(=O)NO,164616925,0.0093,Active,1,1
21,C1=CC=C2C(=C1)N(C3=C(S2=O)C=CC(=C3)C(=O)N)CC4=CC=C(C=C4)C(=O)NO,164616061,1.69,Active,0,1
22,C=CCN1C(=NN=C1SCC2=CC=C(C=C2)C(=O)NC3=CC=CC=C3N)C4=CC=NC=C4,164615117,1.28,Active,0,1
23,CN1C(=NN=C1SCCCCCC(=O)O)C2=CC=NC=C2,164614861,7.36,Active,0,1
24,CC1=CC=C(O1)C2=NC3=CC(=C(C=C3C(=N2)NCC4CCN(CC4)C5=NC=C(C=N5)C(=O)NO)OC)OC,164614059,0.038,Active,1,1
25,C1=CC=C(C=C1)CC2C(=O)N(C(=O)N2CC3=CC=C(C=C3)Cl)CC4=CC=C(C=C4)C(=O)NO,164613902,8.2639,Active,0,2
26,C1C(=O)N(C(=O)N1CC2=CC=C(C=C2)Cl)CC3=CC=C(C=C3)C(=O)NO,164613482,1.082,Active,0,2
27,CC1=CN=C(C=C1)NC(=O)C2=CC3=C(C=C2)SC4=CC=CC=C4N3CC5=CC=C(C=C5)C(=O)NO,164613147,0.08,Active,1,1
28,COC1=CC2=C(C=C1)S(=O)C3=CC=CC=C3N2CC4=CC=C(C=C4)C(=O)NO,164611961,1.93,Active,0,1
29,CCC1=C(C2=CC3=C(C(=C(N3)C=C4C(C(C(=N4)C(=C5C(=C(C(=N5)C=C1N2)C)C(=O)OC)C(=O)OC)CCC(=O)NC6=CC=C(C=C6)C(=O)NC7=CC=CC=C7N)C)C)C=C)C,164611754,2.65,Active,0,1
30,CN1C(=NN=C1SCCCCCC(=O)NO)C2=CC=NC=C2,164611431,0.09,Active,1,1
31,CCCC[C@@H](C1=NC=C(N1)C2=CC3=CC=CC=C3N=C2OC)NC(=O)CC4=CNC5=C4C=C(C=C5)OC,164610915,0.68,Active,1,2
32,C/C(=N\O)/C1=CC2=C(C=C1)S(=O)C3=CC=CC=C3N2CC4=CC=C(C=C4)C(=O)NO,164609512,1.62,Active,0,1
33,C1=CC2=C(C=C1C3=NN(C4=NC=NC(=C34)N)CCCCCCC(=O)NO)N=C(O2)N,164609507,0.0032,Active,1,1
34,C1=CNC2=NC=C(C=C21)C3=NN(C4=NC=NC(=C34)N)CCCCCCCCC(=O)NO,164609349,0.024,Active,1,1
35,C1=CC=C(C=C1)N2C(=NN=C2SCC3=CC=C(C=C3)C(=O)NO)C4=CC=NC=C4,164609075,9.76,Active,0,1
36,CN1CCN(CC1)C2=NC(=NC3=C2C=CC(=C3)Cl)C4=CC=C(C=C4)C(=O)NO,163322242,0.3743,Active,1,1
37,COC1=CC(=C(C=C1)F)C2=CC3=C(C=C2)C(=NN3)NC(=O)CCCCCCC(=O)NO,162677105,0.0035,Active,1,1
38,CCC(=O)CCCCC[C@@H](C1=NC=C(N1)C2=C(C=CC(=C2F)F)OC)NC(=O)[C@H]3CC34CCN(CC4)CC,162676857,1.553,Active,0,1
39,CC1=CN(N=C1CN2CCC(CC2)C3=CC=C(C=C3)C(=O)NC4=CC=CC=C4N)C,162676473,0.6,Active,1,1
40,CCC(=O)CCCCC[C@@H](C1=C(N=C(N1)C2=CC=C(C=C2)C(F)(F)F)C#N)NC(=O)[C@H]3CC34CCN(CC4)C,162675870,0.0992,Active,1,3
41,C1=CC=C(C=C1)C2=C(C(=O)N(N2)C3=NC(=CS3)C4=CC=C(C=C4)OCCCCC(=O)NO)N=NC5=NC=CS5,162675394,0.1185,Active,1,1
42,CCC(=O)CCCCC[C@@H](C1=NC=C(N1)C2=C(C=CC(=C2)C#N)OC)NC(=O)[C@H]3CC34CCN(CC4)CC,162674484,0.062,Active,1,1
43,COC1=CC=C(C=C1)CNC2=C3C=CN(C3=NC(=N2)N)CC4=CC=C(C=C4)C(=O)NC5=CC=CC=C5N,162674252,0.407,Active,1,1
44,CCC(=O)CCCCC[C@@H](C1=NC=C(N1)C2=C(C(=CC(=C2)F)F)OC)NC(=O)[C@H]3CC34CCN(CC4)CC,162674059,0.027,Active,1,1
45,CCC(=O)CCCCC[C@@H](C1=NC=C(N1)C2=C(C(=CC=C2)C(F)(F)F)OC)NC(=O)[C@H]3CC34CCN(CC4)CC,162673789,0.063,Active,1,1
46,C1=CC=C2C(=C1)C(=C3C=C(C=CC3=N2)Br)NC4=CC=C(C=C4)C(=O)NO,162673723,0.39,Active,1,6
47,CCC(=O)CCCCC[C@@H](C1=NC=C(N1)C2=CC(=C(C=C2OC)F)F)NC(=O)[C@H]3CC34CCN(CC4)CC,162672989,0.027,Active,1,1
48,C1=CC(=CC(=C1)Cl)C2=CC3=C(C=C2)C(=NN3)NC(=O)CCCCCCC(=O)NO,162671591,0.004,Active,1,1
49,CCC(=O)CCCCC[C@@H](C1=NC=C(N1)C2=C(C=CC(=C2)C)OC)NC(=O)[C@H]3CC34CCN(CC4)CC,162671564,0.002,Active,1,1
50,C1=CC=C(C(=C1)C2=CC3=C(C=C2)C(=NN3)NC(=O)CCCCCCC(=O)NO)Cl,162671485,0.0052,Active,1,1
51,CCC(=O)CCCCC[C@@H](C1=NC=C(N1)C2=CC(=C(C=C2OC)F)C(=O)OC)NC(=O)[C@H]3CC34CCN(CC4)CC,162670894,0.154,Active,1,1
52,C1=CC2=C(C=C1C3=CC=NC=C3)NN=C2NC(=O)CCCCCCC(=O)NO,162670851,0.0259,Active,1,1
53,C1=CC2=C(C=C1C3=CSC=C3)NN=C2NC(=O)CCCCCCC(=O)NO,162670742,0.0316,Active,1,1
54,CCC(=O)CCCCC[C@@H](C1=NC=C(N1)C2=C(C=C(C=C2F)C(=O)NC3=NC=CC(=C3)C(F)(F)F)OC)NC(=O)[C@H]4CC45CCN(CC5)CC,162670307,0.32,Active,1,1
55,CCC(=O)CCCCC[C@@H](C1=NC=C(N1)C2=C(C=CC(=C2)C3CC3C(=O)OCC)OC)NC(=O)[C@H]4CC45CCN(CC5)CC,162669903,0.039,Active,1,1
56,C1=CC=C(C=C1)C2=C(C(=O)N(N2)C3=NC(=CS3)C4=CC=C(C=C4)C(=O)NCC5=CC=C(C=C5)/C=C/C(=O)NO)N=NC6=NC=CS6,162669606,1.3415,Active,0,1
57,COC1=CC(=CC(=C1)C2=CC3=C(C=C2)C(=NN3)NC(=O)CCCCCCC(=O)NO)OC,162668768,0.0048,Active,1,1
58,COC1=CC(=CC(=C1)NC2=C3C(=NC(=N2)N)N(C=N3)CC4=CC=C(C=C4)C(=O)NC5=CC=CC=C5N)OC,162668663,0.179,Active,1,1
59,COC1=CC=CC(=C1)C2=CC3=C(C=C2)C(=NN3)NC(=O)CCCCCCC(=O)NO,162668465,0.0039,Active,1,1
60,COC1=CC(=C(C=C1)O)C(=O)NCCCC[C@@H](C2=NC=C(N2)C3=CC4=CC=CC=C4C=C3)NC(=O)C5=CN=CS5,162667559,0.76,Active,1,1
61,COC1=CC=CC=C1C2=CC3=C(C=C2)C(=NN3)NC(=O)CCCCCCC(=O)NO,162667414,0.0054,Active,1,1
62,C1=CC(=CC=C1C2=CC3=C(C=C2)C(=NN3)NC(=O)CCCCCCC(=O)NO)Cl,162667220,0.0036,Active,1,1
63,C1=CC=C(C(=C1)N)NC(=O)C2=CC=C(C=C2)CN3C=NC4=C(N=C(N=C43)Cl)NC5=CC(=C(C=C5)F)Cl,162666240,3.78,Active,0,1
64,C1=CC=C(C=C1)C2=C(C(=O)N(N2)C3=NC(=CS3)C4=CC=C(C=C4)OCCCCCCCC(=O)NO)N=NC5=NC=CS5,162666047,0.1352,Active,1,1
65,C1=CC=C(C(=C1)N)NC(=O)C2=CC=C(C=C2)CN3C=CC4=C3N=C(N=C4Cl)Cl,162665210,6.51,Active,0,1
66,COC1=CC=CC(=C1)C2=CC3=C(C=C2)C(=NN3)NC(=O)CCCCCC(=O)NO,162665208,0.063,Active,1,1
67,C1=CC=C2C=C(C=CC2=C1)C3=CN=C(N3)[C@H](CCCCNC(=O)C4=C(C=CC=N4)O)NC(=O)C5=CN=CS5,162665019,0.07,Active,1,1
68,C1=CC=C(C(=C1)N)NC(=O)C2=CC=C(C=C2)CN3C=NC4=C3N=C(N=C4Cl)N,162664919,0.761,Active,1,1
69,CC1=C(NN=C1)NC2=C3C(=NC(=N2)Cl)N(C=N3)CC4=CC=C(C=C4)C(=O)NC5=CC=CC=C5N,162664727,0.739,Active,1,1
70,C1=CC=C(C=C1)C2=CC3=C(C=C2)C(=NN3)NC(=O)CCCCCCC(=O)NO,162664613,0.0131,Active,1,1
71,CCC(=O)CCCCCC(C1=C(N=C(N1)C2=CC=CC=C2)C(=O)NC)NC(=O)C3=CN=CS3,162664608,0.8218,Active,1,3
72,C1=CC=C(C(=C1)N)NC(=O)C2=CC=C(C=C2)CN3C=CC4=C(N=C(N=C43)N)NC5=CC(=C(C=C5)F)Cl,162664149,1.46,Active,0,1
73,COC1=CC=CC(=C1)C2=CC3=C(C=C2)C(=NN3)NC(=O)CCCC(=O)NO,162663710,0.168,Active,1,1
74,C1=CC=C(C=C1)C2=C(C(=O)N(N2)C3=NC(=CS3)C4=CC=C(C=C4)OCC5=CC=C(C=C5)C(=O)NO)N=NC6=NC=CS6,162663695,0.085,Active,1,1
75,CCC(=O)CCCCC[C@@H](C1=C(N=C(N1)C2=CC=C(C=C2)F)C(=O)N)NC(=O)C3CN(C3)C,162663519,0.484133333,Active,1,3
76,CC1=CC(=CC(=C1OCCCCCC(=O)NO)C)C2=NC3=C(C(=CC(=C3)OC)OC)C(=N2)N4CCN(CC4)C,162663441,0.09732,Active,1,1
77,CCC(=O)CCCCC[C@@H](C1=NC=C(N1)C2=CCC(N=C2OC)C)NC(=O)[C@H]3CC34CCN(CC4)CC,162663227,0.0014,Active,1,1
78,C1=CC=C(C=C1)C2=C(C(=O)N(N2)C3=NC(=CS3)C4=CC=C(C=C4)C(=O)NCCCCCC(=O)NO)N=NC5=NC=CS5,162662919,0.0875,Active,1,1
79,CCC(=O)CCCCC[C@@H](C1=NC=C(N1)C2=CC3=C(C=C2)NC4=CC=CC=C43)NC(=O)[C@H]5CC56CCN(CC6)C,162662773,0.0011,Active,1,1
80,C1CC(=O)NC(=O)C1N2C(=O)C3=C(C2=O)C(=CC=C3)NCC(=O)NCCCC(=O)NC4=CC=C(C=C4)C(=O)NC5=CC=CC=C5N,162662724,1.5,Active,0,1
81,COC1=CC(=CC(=C1)CNC2=NC(=NC3=C2C=CN3)NCC4=CC=C(C=C4)C(=O)NC5=CC=CC=C5N)OC,162661379,0.481,Active,1,1
82,COC1=CC(=C(C=C1)C(=O)NCCCC[C@@H](C2=NC=C(N2)C3=CC4=CC=CC=C4C=C3)NC(=O)C5=CN=CS5)O,162661061,1.9,Active,0,1
83,CCC(=O)CCCCC[C@@H](C1=C(N=C(N1)C2=CC3=CC=CC=C3N=C2OC)C#N)NC(=O)[C@H]4CC45CCN(CC5)C,162661059,0.692,Active,1,3
84,CCC(=O)CCCCC[C@@H](C1=C(N=C(N1)C2=CC3=CN(N=C3C=C2)C)C#N)NC(=O)[C@H]4CC45CCN(CC5)C,162660526,0.190366667,Active,1,3
85,C1CC(=O)NC(=O)C1N2C(=O)C3=C(C2=O)C(=CC=C3)NCCCCC(=O)NC4=CC=C(C=C4)C(=O)NC5=CC=CC=C5N,162660382,1,Active,0,1
86,C1=CC=C(C=C1)C2=C(C(=O)N(N2)C3=NC(=CS3)C4=CC=C(C=C4)OCCCC(=O)NO)N=NC5=NC=CS5,162659199,0.6748,Active,1,1
87,CCC(=O)CCCCC[C@@H](C1=NC=C(N1)C2=CC=C(C=C2)C(=O)NC3CCOC3)NC(=O)[C@H]4CC45CCN(CC5)C,162659197,0.062,Active,1,2
88,C1CN(CCC12CCN(C2)CC3=CNC4=CC=CC=C43)C5=NC=C(C=N5)C(=O)NO.Cl,162659127,0.0018,Active,1,1
89,C1=CC=C(C=C1)COC2=CC3=C(C4=CC=CC=C4N=C3C=C2)NC5=CC=C(C=C5)C(=O)NO,162659066,3.5,Active,0,1
90,COC1=CC=CC=C1C(=O)NCCCC[C@@H](C2=NC=C(N2)C3=CC4=CC=CC=C4C=C3)NC(=O)C5=CN=CS5,162658937,7.7,Active,0,1
91,CCC(=O)CCCCC[C@@H](C1=C(N=C(N1)C2=CC3=C(C=C2)N=C(C=C3)C)C#N)NC(=O)[C@H]4CC45CCN(CC5)C,162658517,0.067833333,Active,1,3
92,C1=CC=C(C=C1)C2=C(C(=O)N(N2)C3=NC(=CS3)C4=CC=C(C=C4)OCCCCCC(=O)NO)N=NC5=NC=CS5,162658370,0.0758,Active,1,1
93,C1CC(=O)NC(=O)C1N2C(=O)C3=C(C2=O)C(=CC=C3)NCCCCCC(=O)NC4=CC=C(C=C4)C(=O)NC5=CC=CC=C5N,162657608,0.97,Active,1,1
94,CCC(=O)CCCCC[C@@H](C1=NC=C(N1)C2=C(C=CC(=C2)F)OC)NC(=O)[C@H]3CC34CCN(CC4)CC,162657585,0.0094,Active,1,1
95,CCCCN(CC1=CC=C(C=C1)C(=O)NO)C(=O)NC2=CC=C(C=C2)CN,162657468,0.281,Active,1,1
96,CCC(=O)CCCCC[C@@H](C1=NC=C(N1)C2=C(C=CC(=C2)[N+](=O)[O-])OC)NC(=O)[C@H]3CC34CCN(CC4)CC,162657130,0.043,Active,1,1
97,CCC(=O)CCCCC[C@@H](C1=NC=C(N1)C2=C(C=C3C=C(OC3=C2)C(=O)OCC)OC)NC(=O)[C@H]4CC45CCN(CC5)CC,162657089,0.0091,Active,1,1
98,C1=CC=C2C(=C1)C(=C3C=CC=CC3=N2)NC4=CC=C(C=C4)CC(=O)NO,162656816,2.07,Active,0,1
99,C1CC(=O)NC(=O)C1N2C(=O)C3=C(C2=O)C(=CC=C3)NCC(=O)NCCCCC(=O)NC4=CC=C(C=C4)C(=O)NC5=CC=CC=C5N,162656750,0.62,Active,1,1
100,C1=CC=C2C(=C1)C(=C3C=C(C=CC3=N2)F)NC4=CC=C(C=C4)C(=O)NO,162656473,0.25,Active,1,1
101,C1CC(=O)NC(=O)C1N2C(=O)C3=C(C2=O)C(=CC=C3)NCCCC(=O)NC4=CC=C(C=C4)C(=O)NC5=CC=CC=C5N,162656162,1.2,Active,0,1
102,COC1=CC=C(C=C1)S(=O)(=O)NC2=CC=CC=C2CCC3=CC=C(C=C3)C(=O)NC4=C(C=CC(=C4)F)N,162656120,9.08,Active,0,1
103,CCC(=O)CCCCC[C@@H](C1=NC=C(N1)C2=C(C=C(C=C2)C(=O)NC3=NC=CC(=C3)C(F)(F)F)OC)NC(=O)[C@H]4CC45CCN(CC5)CC,162655735,0.087,Active,1,1
104,CCC(=O)CCCCC[C@@H](C1=NC=C(N1)C2=C(C=CC=C2F)OC)NC(=O)[C@H]3CC34CCN(CC4)CC,162655734,0.37,Active,1,1
105,C1=CC=C(C=C1)C2=C(C(=O)N(N2)C3=NC(=CS3)C4=CC=C(C=C4)OCCCCCCC(=O)NO)N=NC5=NC=CS5,162655464,0.0408,Active,1,1
106,CCC(=O)CCCCC[C@@H](C1=NC=C(N1)C2=C(N=C(C=C2)OC)OC)NC(=O)[C@H]3CC34CCN(CC4)CC,162654936,0.018,Active,1,1
107,CCC(=O)CCCCC[C@@H](C1=NC=C(N1)C2=CN=C(C=C2)C3=CN=CC=C3)NC(=O)[C@H]4CC45CCN(CC5)C,162654928,0.022,Active,1,2
108,CCC(=O)CCCCC[C@@H](C1=C(N=C(N1)C2=CC=C(C=C2)F)C#N)NC(=O)C3CN(C3)C,162654809,1.250666667,Active,0,3
109,CCC(=O)CCCCC[C@@H](C1=NC=C(N1)C2=CN=C(N=C2)OCC)NC(=O)[C@H]3CC34CCN(CC4)C,162654449,0.666,Active,1,2
110,C1=CC=C(C=C1)C2=C(C(=O)N(N2)C3=NC(=CS3)C4=CC=C(C=C4)C(=O)N=O)NNC5=NC=CS5,162654446,0.5774,Active,1,1
111,CCC(=O)CCCCC[C@@H](C1=NC=C(N1)C2=CC(=O)N(CC2)C)NC(=O)[C@H]3CC34CCN(CC4)C,162654159,1.625,Active,0,2
112,C1=CC=C(C=C1)C2=C(C(=O)N(N2)C3=NC(=CS3)C4=CC=C(C=C4)C(=O)NCCCCCCC(=O)NO)N=NC5=NC=CS5,162653935,0.0988,Active,1,1
113,COC1=CC2=NC3=CC=CC=C3C(=C2C(=C1OC)OC)NC4=CC=C(C=C4)C(=O)NO,162653917,0.81,Active,1,1
114,CCC(=O)CCCCC[C@@H](C1=NC=C(N1)C2=C(C=CC(=C2)C(C)C)OC)NC(=O)[C@H]3CC34CCN(CC4)CC,162653885,0.076,Active,1,1
115,CCC(=O)CCCCC[C@@H](C1=NC=C(N1)C2=C(C(=CC=C2)Cl)OC)NC(=O)[C@H]3CC34CCN(CC4)CC,162653809,0.034,Active,1,1
116,CCC(=O)CCCCC[C@@H](C1=NC=C(N1)C2=C(N=CC=C2)OC)NC(=O)[C@H]3CC34CCN(CC4)CC,162653763,0.056,Active,1,1
117,CCC(=O)CCCCC[C@@H](C1=NC=C(N1)C2=C(C=CC(=C2)Cl)OC)NC(=O)[C@H]3CC34CCN(CC4)CC,162653755,0.0018,Active,1,1
118,CCC(=O)CCCCC[C@@H](C1=NC=C(N1)C2=CC(=C(C=C2OC)F)C(C)C)NC(=O)[C@H]3CC34CCN(CC4)CC,162653328,0.279,Active,1,1
119,CCC(=O)CCCCC[C@@H](C1=NC=C(N1)C2=C(C(=CC=C2)F)OC)NC(=O)[C@H]3CC34CCN(CC4)CC,162653173,0.025,Active,1,1
120,C1=CC=C2C=C(C=CC2=C1)C3=CN=C(N3)[C@H](CCCCNC(=O)C4=CC=CC=C4O)NC(=O)C5=CN=CS5,162652809,0.3245,Active,1,2
121,C1=CC=C2C(=C1)C(=CC=N2)NC3=CC=C(C=C3)C(=O)NO,162652776,0.6,Active,1,1
122,COC1=NC2=C(C3=C(C=C(C=C3)Cl)N=C2C=C1)NC4=CC=C(C=C4)C(=O)NO,162652310,0.8,Active,1,1
123,C1=CC=C2C(=C1)C(=C3C=C(C=CC3=N2)OC(F)(F)F)NC4=CC=C(C=C4)C(=O)NO,162651817,0.67,Active,1,1
124,COC1=CC=C(C=C1)S(=O)(=O)NC2=CC=CC=C2NCC3=CC=C(C=C3)C(=O)NC4=CC=CC=C4N,162651670,1.47,Active,0,1
125,C1=CC=C2C=C(C=CC2=C1)C3=CN=C(N3)[C@H](CCCCNC(=O)C4=C(C=CC=C4F)N)NC(=O)C5=CN=CS5,162651646,0.4505,Active,1,2
126,C[C@]12CC[C@](C[C@H]1C3=CC(=O)[C@H]4[C@]([C@@]3(CC2)C)(CC[C@@H]5[C@@]4(C=C(C(=O)C5(C)C)C#N)C)C)(C)C(=O)N6CCN(CC6)C7=CC=C(C=C7)NC(=O)CCCCCCC(=O)NO,162651274,4.83,Active,0,1
127,CCC(=O)CCCCC[C@@H](C1=C(N=C(N1)C2=CC=C(C=C2)F)C(=O)N)NC(=O)[C@H]3CC34CCN(CC4)C,162650292,0.149433333,Active,1,3
128,CCC(=O)CCCCC[C@@H](C1=NC=C(N1)C2=C(C=CC(=C2)C(F)(F)F)OC)NC(=O)[C@H]3CC34CCN(CC4)CC,162649434,0.016,Active,1,1
129,CCC(=O)CCCCC[C@@H](C1=C(N=C(N1)C2=CC=CC=C2F)C#N)NC(=O)[C@H]3CC34CCN(CC4)C,162648396,0.608,Active,1,3
130,CCC(=O)CCCCC[C@@H](C1=C(N=C(N1)C2=CC=C(C=C2)C3=CN=CC=C3)C#N)NC(=O)[C@H]4CC45CCN(CC5)C,162647783,0.044566667,Active,1,3
131,CCC(=O)CCCCCC(C1=C(N=C(N1)C2=CC=CC=C2)C(=O)N)NC(=O)C3=CN=CS3,162646379,0.239233333,Active,1,3
132,CCC(=O)CCCCC[C@@H](C1=C(N=C(N1)C2=CC=C(C=C2)F)C#N)NC(=O)C34CCN(CC3)CC4,162646027,1.321633333,Active,0,3
133,C1CC(=O)NC(=O)C1N2C(=O)C3=C(C2=O)C(=CC=C3)NCC(=O)NCCCCCCC(=O)NC4=CC=C(C=C4)C(=O)NC5=CC=CC=C5N,162644926,0.75,Active,1,1
134,CCC(=O)CCCCC[C@@H](C1=C(N=C(N1)C2=CC=C(C=C2)F)C#N)NC(=O)C3=NOC=C3,162644726,1.149333333,Active,0,3
135,C1=CC=C(C=C1)C2=C(C(=O)N(N2)C3=NC(=CS3)C4=CC=C(C=C4)C(=O)NCCCCC(=O)NO)N=NC5=NC=CS5,162644191,0.2074,Active,1,1
136,COC1=CC=CC(=C1F)C2=CC3=C(C=C2)C(=NN3)NC(=O)CCCCCCC(=O)NO,162643829,0.006,Active,1,1
137,C1=CC=C(C=C1)C2=C(C(=O)N(N2)C3=NC(=CS3)C4=CC=C(C=C4)OCC5=CC=C(C=C5)/C=C/C(=O)NO)N=NC6=NC=CS6,162643761,0.2437,Active,1,1
138,COC1=CC=C(C=C1)C2=NC3=C(C=C2)C(=NN3)NC(=O)CCCCCCC(=O)NO,162643749,0.009,Active,1,1
139,CCOC1=CC=CC(=C1)C2=CC3=C(C=C2)C(=NN3)NC(=O)CCCCCCC(=O)NO,162643350,0.0042,Active,1,1
140,CCC(=O)CCCCC[C@@H](C1=C(N=C(N1)C2=CC=CC=C2)C(=O)N)NC(=O)C3CN(C3)C,162643144,0.1937,Active,1,3
141,COC1=CC=CC(=C1)C2=NC3=C(C=C2)C(=NN3)NC(=O)CCCCCCC(=O)NO,162642885,0.0053,Active,1,1
142,C1CN(CCC1CN[C@H]2C[C@@H]2C3=CC=CC=C3)CCCC4=CC=C(C=C4)C(=O)NO,162640823,3.95,Active,0,1
143,CCC(=O)CCCCC[C@@H](C1=NC=C(N1)C2=CC3=NC=NN3C=C2)NC(=O)[C@H]4CC45CCN(CC5)C,162506897,0.2995,Active,1,2
144,CCC(=O)CCCCC[C@@H](C1=NC=C(N1)C2=CC3=C(C=CC=N3)N=C2)NC(=O)[C@H]4CC45CCN(CC5)C,162506733,0.1265,Active,1,2
145,CCC(=O)CCCCC[C@@H](C1=NC=C(N1)C2=CC3=CC=CC=C3N=C2)NC(=O)[C@H]4CC45CCN(CC5)C,162506674,0.00325,Active,1,2
146,CCC(=O)CCCCC[C@@H](C1=NC=C(N1)C2=CN(C3=CC=CC=C32)C)NC(=O)[C@H]4CC45CCN(CC5)C,162506662,0.0029,Active,1,1
147,CCC(=O)CCCCC[C@@H](C1=C(N=C(N1)C2=CC=C(C=C2)F)C#N)NC(=O)[C@H]3CC34CCN(CC4)C,162506561,0.220566667,Active,1,3
148,C1=CC=C2C(=C1)C(=C(N2)C3=C(N(C4=CC=CC=C43)CC5=CC=C(C=C5)C(=O)NO)O)N=O,156901838,0.205,Active,1,1
149,C1=CC=C2C(=C1)C(=C(N2)C3=C(N(C4=C3C=C(C=C4)F)CC5=CC=C(C=C5)C(=O)NO)O)N=O,156901837,0.194,Active,1,1
150,C1=CC=C2C(=C1)C(=C(N2)C3=C(N(C4=C3C=C(C=C4)Br)CC5=CC=C(C=C5)C(=O)NO)O)N=O,156901833,0.075,Active,1,1
151,C1=CC=C2C(=C1)C(=C(N2)C3=C(N(C4=C3C=CC=C4Cl)CC5=CC=C(C=C5)C(=O)NO)O)N=O,156901831,0.088,Active,1,1
152,CC1=CC2=C(C=C1)N(C(=C2C3=C(C4=CC=CC=C4N3)N=O)O)CC5=CC=C(C=C5)C(=O)NO,156901829,0.021,Active,1,1
153,C1CC2=C(C=CC(=C2)C(=O)N)N(C1)CC3=CC=C(C=C3)C(=O)NO,156024937,0.14,Active,1,1
154,CCC(=O)CCCCC[C@@H](C1=NC=C(O1)C2=CC3=CC=CC=C3N=C2OC)NC(=O)[C@H]4CC45CCN(CC5)C(C)C,156022127,0.0177,Active,1,1
155,C1CC2=CC=CC=C2N(C3=C1C=CC(=C3)Cl)CCCNS(=O)(=O)C4=CC=CC(=C4)/C=C/C(=O)NO,156022065,8.48,Active,0,1
156,CCC(=O)CCCCC[C@@H](C1=NC=C(N1)C2=CC3=CC=CC=C3N=C2OC)NC(=O)[C@H]4CC45CCOCC5,156021997,0.0313,Active,1,1
157,CN(C)S(=O)(=O)C1=CC=C(C2=NON=C12)NCCCCCCC(=O)NO,156021695,0.2065,Active,1,2
158,CCC(=O)CCCCC[C@@H](C1=NC=C(O1)C2=CC3=CC=CC=C3N=C2OC)NC(=O)[C@H]4CC45CCN(CC5)C,156021671,0.0047,Active,1,1
159,COC1=NC2=CC=CC=C2C=C1C3=CN=C(N3)[C@H](CCCCCC(=O)C4=NC=C(O4)CO)N,156021459,0.47,Active,1,1
160,CCC(=O)CCCCC[C@@H](C1=NC=C(O1)C2=CC3=CC=CC=C3N=C2OC)NC(=O)[C@H]4CC45CCN(CC5)CC,156020756,0.0045,Active,1,1
161,C1CC2=CC=CC=C2N(C3=C1C=CC(=C3)Cl)CCCNC(=O)CCCCC(=O)NO,156020492,9.62,Active,0,1
162,CCC(=O)CCCCC[C@@H](C1=NC=C(N1)C2=CC3=CC=CC=C3N=C2OC)NC(=O)[C@@H]4C[C@]45CCN(C5)C,156019913,0.0187,Active,1,1
163,CCC(=O)CCCCC[C@@H](C1=NC=C(N1)C2=CC3=CC=CC=C3N=C2OC)NC(=O)[C@@H]4CCC45CCN(CC5)CC,156019746,0.0092,Active,1,1
164,CCC(=O)CCCCC[C@@H](C1=NC=C(N1)C2=CC3=CC=CC=C3N=C2OC)NC(=O)[C@@H]4CC45CCC(CC5)N(C)C,156019655,0.0226,Active,1,1
165,CCC(=O)CCCCC[C@@H](C1=NN=C(O1)C2=CC3=CC=CC=C3N=C2OC)NC(=O)[C@H]4CC45CCN(CC5)C,156018960,0.0582,Active,1,1
166,CN(C)S(=O)(=O)C1=CC=C(C2=NON=C12)NCCCCCNC(=O)NCC(=O)NO,156018697,7.58,Active,0,1
167,COC1=NC2=CC=CC=C2C=C1C3=CN=C(N3)[C@H](CCCCCC(=O)C4=CC=NN4)N,156018320,0.7,Active,1,1
168,C1=CC(=CC=C1N2N=CC(=N2)[C@H](CCCCCC(=O)C3=NOC=C3)N)F,156017747,1.8405,Active,0,2
169,CCC(=O)CCCCC[C@@H](C1=NC=C(N1)C2=CC3=CC=CC=C3N=C2OC)NC(=O)[C@H]4CC45CCC(CC5)N(C)C,156017390,0.0018,Active,1,1
170,C1COCCC1(C2=CC3=CC=CC=C3C=C2)C(=O)NC4=CC=C(C=C4)C(=O)NO,156016822,0.008,Active,1,1
171,C1CC2=CC=CC=C2N(C3=C1C=CC(=C3)Cl)CCCNC(=O)CCCCCCCC(=O)NO,156016469,2.74,Active,0,1
172,CCC(=O)CCCCC[C@@H](C1=NC(=NN1)C2=CC3=CC=CC=C3N=C2OC)NC(=O)[C@H]4CC45CCN(CC5)C,156016369,0.11,Active,1,1
173,CCC(=O)CCCCC[C@@H](C1=NC=C(N1)C2=CC3=CC=CC=C3N=C2OC)NC(=O)C4CC5(C4)CN(C5)C,156016174,0.0054,Active,1,1
174,C1CC2=CC=CC=C2N(C3=C1C=CC(=C3)Cl)CCCNC(=O)C4=CC=C(C=C4)C(=O)NO,156015873,8.62,Active,0,1
175,C1CCC(C1)(C2=CC=C(C=C2)C3=CC(=CC=C3)C(=O)O)C(=O)NC4=CC=C(C=C4)C(=O)NO,156015592,0.013,Active,1,1
176,C1CCC(CC1)(C2=CC=C(C=C2)C3=CNN=C3)C(=O)NC4=CC=C(C=C4)C(=O)NO,156014913,0.01,Active,1,1
177,CCC(=O)CCCCC[C@@H](C1=NC=C(N1)C2=CC3=CC=CC=C3N=C2OC)NC(=O)[C@H]4CC45CCN(CC5)C(=O)C,156014765,0.041,Active,1,1
178,C1CC2=CC=CC=C2N(C3=C1C=CC(=C3)Cl)CCCNCC4=CC=C(C=C4)/C=C/C(=O)NO,156014407,6.62,Active,0,1
179,CCC(=O)CCCCC[C@@H](C1=NC=C(N1)C2=CC3=CC=CC=C3N=C2OC)NC(=O)[C@H]4C[C@@]45CCN(C5)C,156014230,0.0065,Active,1,1
180,C1CC2=CC=CC=C2N(C3=C1C=CC(=C3)Cl)CCCNC(=O)CCCCCC(=O)NO,156014152,3.96,Active,0,1
181,COC1=NC2=CC=CC=C2C=C1C3=CN=C(N3)[C@H](CCCCCC(=O)C4=NC=CN4)N,156013864,4.9,Active,0,1
182,CCC(=O)CCCCC[C@@H](C1=NC(=NN1)C2=CC3=CC=CC=C3N=C2OC)NC(=O)[C@H]4CC45CCN(CC5)CC,156013627,0.103,Active,1,1
183,CCC(=O)CCCCC[C@@H](C1=NC=C(N1)C2=CC3=CC=CC=C3N=C2OC)NC(=O)CC4CC5(C4)CN(C5)C,156013472,0.0051,Active,1,1
184,CC1=C(C=NO1)C(=O)CCCCC[C@@H](C2=NC=C(N2)C3=CC4=CC=CC=C4N=C3OC)N,156013288,1.3,Active,0,1
185,CCC(=O)CCCCC[C@@H](C1=NC=C(N1)C2=CC3=CC=CC=C3N=C2OC)NC(=O)[C@H]4CC45CCN(CC5)CC6=CN=CC=C6,156013262,0.0039,Active,1,1
186,CC1=CC(=C(C(=O)N1)CNC(=O)C2=C(N(N=C2)C3=CC=CC(=C3)NC(=O)CCCCCCC(=O)NO)C)C,156013097,2.36,Active,0,1
187,CCC(=O)CCCCC[C@@H](C1=NC=C(N1)C2=CC3=CC=CC=C3N=C2OC)NC(=O)[C@H]4CC45CN(C5)C,156012420,0.0071,Active,1,1
188,CN(C)S(=O)(=O)C1=CC=C(C2=NON=C12)NCCCCCC(=O)NO,156012347,0.281,Active,1,2
189,CCC(=O)CCCCC[C@@H](C1=NC=C(N1)C2=CC3=CC=CC=C3N=C2OC)NC(=O)[C@@H]4CC45CN(C5)C,156012150,0.0036,Active,1,1
190,CCC(=O)CCCCC[C@@H](C1=NC=C(N1)C2=CC3=CC=CC=C3N=C2OC)NC(=O)[C@@H]4CC45CCCN(C5)C,156011886,0.0246,Active,1,1
191,CN(C)C1=CC=C(C=C1)C2(CCCC2)C(=O)NC3=CC=C(C=C3)C(=O)NO,156011452,0.049,Active,1,1
192,CCC(=O)CCCCC[C@@H](C1=NC=C(N1)C2=CC3=CC=CC=C3N=C2OC)NC(=O)[C@H]4CC45CCN(CC5)CC,156011362,0.3752,Active,1,2
193,C1=CC(=CC=C1N2C=C(C=N2)[C@H](CCCCCC(=O)C3=NOC=C3)N)F,156010930,2.1805,Active,0,2
194,C1CC2=CC=CC=C2N(C3=C1C=CC(=C3)Cl)CCCNC(=O)CCCCCCCCC(=O)NO,156010681,3.03,Active,0,1
195,CCC(=O)CCCCC[C@@H](C1=NC=C(N1)C2=CC3=CC=CC=C3N=C2OC)NC(=O)[C@H]4CC45CCCN(C5)C,156009802,0.0185,Active,1,1
196,C1COCCC1(C2=CC=C(C=C2)Br)C(=O)NC3=CC=C(C=C3)C(=O)NO,156009684,0.017,Active,1,1
197,CN1CCC(CC1)C(=O)N[C@@H](CCCCCC(=O)C2=NC=CS2)C3=NC=C(N3)C4=CC=C(C=C4)F,155925141,1.412,Active,0,2
198,C1=CC(=CC=C1N2C=CC(=N2)[C@H](CCCCCC(=O)C3=NOC=C3)N)F,155925021,0.743,Active,1,2
199,CC1=COC(=N1)C(=O)CCCCC[C@@H](C2=NC=C(N2)C3=CC=C(C=C3)F)NC(=O)C4CCN(CC4)C,155924154,1.175,Active,0,2
200,CCCC[C@@H](C1=NC=C(N1)C2=CC3=CC=CC=C3N=C2OC)NC(=O)[C@H](C)C4=C(NC5=C4C=C(C=C5)O)C,155907156,1.40675,Active,0,4
201,CCCC[C@@H](C1=NC=C(N1)C2=CC3=CC=CC=C3N=C2OC)NC(=O)C4CN(C4)C,155907155,0.75,Active,1,1
202,CN1C(=O)C2=C(C=C(C=C2)Br)N=C1SCC3=CC=C(C=C3)C(=O)NC4=CC=CC=C4N,155568767,0.53,Active,1,1
203,CC(C1=CC=C(C=C1)C(=O)NC2=CC=CC=C2N)NC3=CC=CC=C3,155566833,8.3,Active,0,1
204,C1CCN(C1)CC2=CN(C3=CC=CC=C32)CC4=CC=C(C=C4)C(=O)NO,155564870,6.30957,Active,0,1
205,C1=CC=C(C=C1)CNC(=O)CN(CCCCCC(=O)NC2=CC=CC=C2N)C(=O)C3=CC=CC4=CC=CC=C43,155564587,1.9,Active,0,1
206,CC(C)C1C(=O)OC(CC(=O)NCC2=NC(=CS2)C3=NC(CS3)(C(=O)N1)C)C(=CCCS)F,155564400,0.09551,Active,1,1
207,CNC1=NC(=NC=C1Cl)NC2=CN(N=C2)CCCCCC(=O)NO,155563943,0.104,Active,1,1
208,CCN1C(=O)C2=C(C=C(C=C2)OC)N=C1SCC3=CC=C(C=C3)C=CC(=O)NC4=CC=CC=C4N,155563558,0.18,Active,1,1
209,CCCNNC(=O)C1=CC=C(C=C1)CNCC2=CC=CC=C2.C(=O)(C(F)(F)F)O,155562145,0.4413,Active,1,1
210,COC1=CC(=CC(=C1OC)OC)C(=O)NOCC2=CC=C(C=C2)/C=C/C(=O)NO,155561445,4.995,Active,0,2
211,CCCNNC(=O)C=CC1=CC=C(C=C1)CN(CCC2=C(NC3=CC=CC=C32)C)C(=O)OC(C)(C)C,155561265,1.298,Active,0,1
212,CC(C1=CC=C(C=C1)C(=O)NC2=CC=CC=C2N)NC3=CC=CC=C3,155560779,7,Active,0,1
213,CC1=CC(=CC(=C1)C(=O)N(CCCCCC(=O)NC2=C(C=CC(=C2)C3=CC=CC=C3)N)CC(=O)NCC4=CC=CC=C4)C,155559872,1.81,Active,0,1
214,C1=CC=C(C=C1)C(=O)CCCCCC(=O)NC2=CC=CC=C2N,155558642,3.7,Active,0,1
215,C1=CC=C2C(=C1)/C(=C/C(=O)NCC3=CC=C(C=C3)C(=O)NC4=C(C=C(C=C4)F)N)/NC2=O,155558567,0.075,Active,1,1
216,CCCNNC(=O)C1=CC=C(C=C1)CN(CC2=CC=CC=C2)C(=O)OC(C)(C)C,155557418,0.5793,Active,1,1
217,CCCNNC(=O)C1=CC=C(C=C1)CN(CCC2=C(NC3=CC=CC=C32)C)C(=O)OC(C)(C)C,155557199,0.2786,Active,1,1
218,C1COCCN1C2=NC(=NC3=C2C=NN3CCCCCCC(=O)NO)C4=CC=C(C=C4)N,155555562,0.0016,Active,1,1
219,CC1=CC(=CC(=C1OCCCC(=O)NO)C)C2=NC3=C(C4=C(S3)CN(CC4)C)C(=O)N2,155555499,0.16,Active,1,1
220,CC1=C(C(=NO1)C)C2=NC3=C(C4=C(S3)CN(CC4)CC(=O)NO)C(=O)N2,155555451,0.489,Active,1,1
221,CC(C1=CC=C(C=C1)C(=O)NC2=CC=CC=C2N)NC3=CC=CC=C3,155555330,4.2,Active,0,1
222,CC1=CC(=CC(=C1OCC2=CC(=CC=C2)C(=O)NC3=CC=CC=C3N)C)C4=NC5=C(C6=C(S5)CN(CC6)C)C(=O)N4,155554197,0.86,Active,1,1
223,B1(O[C@@H]2[C@@H]3C[C@@H](C3(C)C)C[C@@]2(O1)C)[C@H](CC(C)C)NC(=O)[C@H](CC4=CNC5=CC=CC=C54)NC(=O)C6=CC=C(C=C6)C(=O)NO,155553474,0.874,Active,1,1
224,CN(C)C1=CC=CC2=C1C=CC=C2S(=O)(=O)N(CC3=CC=C(C=C3)C(=O)NC4=CC=CC=C4N)CC(=O)NCC5=CC=CC=C5,155551780,0.668,Active,1,1
225,CN1C=NC=C1C2=CN(C3=CC=CC=C32)CC4=CC=C(C=C4)C(=O)NO,155551057,3.16228,Active,0,1
226,CC1=C(C2=CC=CC=C2N1)CC(=O)NOCC3=CC=C(C=C3)/C=C/C(=O)NO,155549392,1.885,Active,0,2
227,COC1=CC2=C(C=C1)C(=O)N(C(=N2)SCC3=CC=C(C=C3)C(=O)NC4=CC=CC=C4N)C5=CC=CC=C5Cl,155549051,0.61,Active,1,1
228,COC1=CC=C(C=C1)NC(=O)NOCC2=CC=C(C=C2)/C=C/C(=O)NO,155547606,0.53,Active,1,2
229,C1=CC=C(C=C1)C(=O)NCCCCC(=O)NC2=CC=CC=C2N,155547009,8.1,Active,0,1
230,CCCNNC(=O)C1=CC=C(C=C1)NCC2=CC=CC=C2,155546691,0.06748,Active,1,1
231,CN1CCCC1C2=CN(C3=CC=CC=C32)CC4=CC=C(C=C4)C(=O)NO,155546555,1.99526,Active,0,1
232,C1COCC2=C1N(C3=CC=CC=C23)CC4=CC=C(C=C4)C(=O)NO,155546486,7.94328,Active,0,1
233,CCCNNC(=O)C1=CC=C(C=C1)CNCCC2=C(NC3=CC=CC=C32)C.C(=O)(C(F)(F)F)O,155546022,0.1075,Active,1,1
234,CC1=C(C(=NO1)C)C2=NC3=C(C4=C(S3)CN(CC4)CCCCCC(=O)NO)C(=O)N2,155545907,0.135,Active,1,1
235,B1(O[C@@H]2[C@@H]3C[C@@H](C3(C)C)C[C@@]2(O1)C)[C@H](CC(C)C)NC(=O)CNC(=O)C4=CC=C(C=C4)/C=C/C(=O)NO,155545511,0.0914,Active,1,1
236,CC(C)C1C(=O)OC(CC(=O)NCC2=NC(=CS2)C3=NC(CS3)(C(=O)N1)C)C(=CCCS)F,155545380,0.021,Active,1,1
237,CC1=CC(=CC(=C1)NC(=O)NOCC2=CC=C(C=C2)/C=C/C(=O)NO)C,155544609,1.33,Active,0,2
238,B1(O[C@@H]2[C@@H]3C[C@@H](C3(C)C)C[C@@]2(O1)C)[C@H](CC(C)C)NC(=O)[C@H](CC4=CNC5=CC=CC=C54)NC(=O)C6=CC=C(C=C6)/C=C/C(=O)NO,155544266,0.0184,Active,1,1
239,CC(C1=CC=CC=C1)(C2=CC=CC=C2)C(=O)NOCC3=CC=C(C=C3)/C=C/C(=O)NO,155543511,4.075,Active,0,2
240,C1=CC=C(C=C1)C2=CC=CC=C2NC(=O)NOCC3=CC=C(C=C3)/C=C/C(=O)NO,155543455,4.84,Active,0,2
241,C1=CC=C2C(=C1)C=CN=C2C(=O)NOCC3=CC=C(C=C3)/C=C/C(=O)NO,155543375,3.23,Active,0,2
242,CCCCOC1=CC=C(C=C1)C(=O)NOCC2=CC=C(C=C2)/C=C/C(=O)NO,155542624,5.3,Active,0,2
243,C1CCC(CC1)NC(=O)CN(CCCCCC(=O)NC2=CC=CC=C2N)C(=O)C3=CC=CC4=CC=CC=C43,155541992,5.38,Active,0,1
244,COC(=O)C1=C(C2=CC=CC=C2C=C1)OCCCCCCCC(=O)NC3=CC=CC=C3N,155540466,8.14,Active,0,1
245,CCCCCCCC(=O)SCCC=C(C1CC(=O)NCC2=NC(=CS2)C3=NC(CS3)(C(=O)NC(C(=O)O1)C(C)C)C)F,155538765,1.817,Active,0,1
246,CCCN(CC)NC(=O)C=CC1=CC=C(C=C1)CNCCC2=C(NC3=CC=CC=C32)C.C(=O)(C(F)(F)F)O,155537405,8.071,Active,0,1
247,CN(C)C1=CC=C(C=C1)C(=O)N(CC2=CC=C(C=C2)C(=O)NC3=CC=CC=C3N)CC(=O)NCC4=CC=CC=C4,155537112,0.283,Active,1,1
248,CN1C(=O)C2=C(C=C(C=C2)OC)N=C1SCC3=CC=C(C=C3)C(=O)NC4=CC=CC=C4N,155537008,0.16,Active,1,1
249,C1=CC=C2C(=C1)N(C3=C(S2)C=CC(=C3)C(F)(F)F)CC4=CC=C(C=C4)C(=O)NO,155535974,0.84,Active,1,1
250,CN(C)CC1=NN(C2=CC=CC=C21)CC3=CC=C(C=C3)C(=O)NO,155534222,7.94328,Active,0,1
251,CC(C)C1C(=O)OC(CC(=O)NCC2=NC(=CS2)C3=NC(CS3)(C(=O)N1)C)C=CC(CS)(F)F,155532640,0.01849,Active,1,1
252,CC1=CC(=CC(=C1)C(=O)N(CCCCCC(=O)NC2=CC=CC=C2N)CC(=O)NCC3=CC=CC=C3)C,155531533,1.6,Active,0,1
253,CCCNNC(=O)C1=CC=C(C=C1)NC(=O)C2=CC=CC=C2,155531159,0.4741,Active,1,1
254,CCCCCN(CCC)NC(=O)C=CC1=CC=C(C=C1)CNCCC2=C(NC3=CC=CC=C32)C.C(=O)(C(F)(F)F)O,155530932,7.316,Active,0,1
255,CN(CC1=CC=C(C=C1)C(=O)NC2=CC=CC=C2N)C3=CC=CC=C3,155530254,0.5,Active,1,1
256,C1CCC(CC1)NC(=O)CN(CCCCCC(=O)NC2=CC=CC=C2N)C(=O)C3=CC=CC=C3,155529690,5.95,Active,0,1
257,C1=CC=C(C=C1)C(=O)NOCC2=CC=C(C=C2)/C=C/C(=O)NO,155529646,1.05,Active,0,2
258,B1(O[C@@H]2[C@@H]3C[C@@H](C3(C)C)C[C@@]2(O1)C)[C@H](CC(C)C)NC(=O)[C@H](CC4=CNC5=CC=CC=C54)NC(=O)C6=CC=CC(=C6)/C=C/C(=O)NO,155529608,0.0108,Active,1,1
259,B1(O[C@@H]2[C@@H]3C[C@@H](C3(C)C)C[C@@]2(O1)C)[C@H](CC(C)C)NC(=O)[C@H](CC4=CNC5=CC=CC=C54)NC(=O)C6=CC(=CC=C6)C(=O)NO,155529223,1.43,Active,0,1
260,C1=CC=C2C(=C1)C=CC(=N2)C(=O)NOCC3=CC=C(C=C3)/C=C/C(=O)NO,155527385,0.905,Active,1,2
261,CC1=CC(=CC(=C1)C(=O)N(CC2=CC=C(C=C2)C(=O)NC3=CC=CC=C3N)CC(=O)NCC4=CC=CC=C4)C,155527295,0.485,Active,1,1
262,CCCCN(CCC)NC(=O)C=CC1=CC=C(C=C1)CNCCC2=C(NC3=CC=CC=C32)C.C(=O)(C(F)(F)F)O,155527290,3.222,Active,0,1
263,COC1=CC=C(C=C1)S(=O)(=O)N2CCC3=C2C(=CC=C3)NCC4=CC=C(C=C4)C(=O)NC5=CC=CC=C5N,155527045,0.662,Active,1,1
264,CN(C)C1=CC=CC2=C1C=CC=C2S(=O)(=O)N(CC3=CC=C(C=C3)C(=O)NO)CC(=O)NCC4=CC=CC=C4,155526258,3.5,Active,0,1
265,B1(O[C@@H]2[C@@H]3C[C@@H](C3(C)C)C[C@@]2(O1)C)[C@H](CC(C)C)NC(=O)[C@H](CC4=CC=CC=C4)NC(=O)C5=CC=C(C=C5)C(=O)NO,155525899,3.3,Active,0,1
266,B1(O[C@@H]2[C@@H]3C[C@@H](C3(C)C)C[C@@]2(O1)C)[C@H](CC(C)C)NC(=O)[C@H](CC4=CC=CC=C4)NC(=O)C5=CC=C(C=C5)C(=O)NC6=CC=CC=C6N,155525782,3.695,Active,0,2
267,CC1=CC(=CC(=C1)C(=O)N(CCCCCC(=O)NC2=CC=CC=C2N)CC(=O)NC3CCCCC3)C,155524660,6.66,Active,0,1
268,CC1=CC=C(C=C1)CNC(=O)CN(CCCCCC(=O)NC2=CC=CC=C2N)C(=O)C3=CC(=CC(=C3)C)C,155521965,5.03,Active,0,1
269,CN(C)C1=CC=C(C=C1)C(=O)N(CCCCCC(=O)NC2=C(C=CC(=C2)F)N)CC(=O)NCC3=CC=CC=C3,155521822,3.06,Active,0,1
270,CCC1=CC=C(C=C1)SCC2=CC=C(C=C2)C(=O)NC3=CC=CC=C3N,155521283,0.144,Active,1,1
271,CCNC(=O)NOCC1=CC=C(C=C1)/C=C/C(=O)NO,155518725,6.85,Active,0,1
272,COC1=CC=C(C=C1)SCC2=CC=C(C=C2)C(=O)NC3=CC=CC=C3N,155518496,0.205,Active,1,1
273,CCCNNC(=O)C=CC1=CC=C(C=C1)CNCCC2=C(NC3=CC=CC=C32)C.C(=O)(C(F)(F)F)O,155517175,0.0495,Active,1,1
274,CC1=CC(=C(C(=C1)C)NC(=O)NOCC2=CC=C(C=C2)/C=C/C(=O)NO)C,155517042,3.25,Active,0,2
275,CCCNNC(=O)C1=CC=CC(=C1)CNCCC2=C(NC3=CC=CC=C32)C.C(=O)(C(F)(F)F)O,155516139,4.942,Active,0,1
276,C1CN=C2C3=C(C=CC=C3I)SC(=S)N2C1,155515864,8.1,Active,0,1
277,CC(C)C1C(=O)OC(CC(=O)NCC2=NC(=CS2)C3=NC(CS3)(C(=O)N1)C)C=C(CCS)F,155515488,0.00246,Active,1,1
278,CN(C)C1=CC=C(C=C1)C(=O)N(CCCCCC(=O)NC2=CC=CC=C2N)CC(=O)NCC3=CC=CC=C3,155514532,1.24,Active,0,1
279,C1=CC=C(C=C1)NC(=O)C2=CC=C(C=C2)C(=O)NC3=CC=CC=C3N,155514314,5.4,Active,0,1
280,C1=CC=C2C=C(C=CC2=C1)C(=O)NOCC3=CC=C(C=C3)/C=C/C(=O)NO,155513254,2.375,Active,0,2
281,CC1=C(C(=NO1)C)C2=NC3=C(C4=C(S3)CN(CC4)CCCCCC(=O)NC5=CC=CC=C5N)C(=O)N2,155513192,0.112,Active,1,1
282,CC1=CC(=CC(=C1)SCC2=CC=C(C=C2)C(=O)NC3=CC=CC=C3N)C,155513116,0.139,Active,1,1
283,C1=CC(=CC=C1CNC(=O)/C=C/C2=CC=NC=C2)C(=O)NC3=C(C=C(C=C3)F)N,155512474,0.15,Active,1,1
284,CCCNNC(=O)C1=CC=C(C=C1)OCC2=CC=CC=C2,155511274,0.1746,Active,1,1
285,CC1=CC(=CC(=C1)C(=O)NOCC2=CC=C(C=C2)/C=C/C(=O)NO)C,155510762,0.995,Active,1,2
286,C1=CC=C2C=C(C=CC2=C1)C3=CN=C(N3)[C@H](CCCCNC(=O)C4=C(C=CC=C4F)O)NC(=O)C5=CN=CS5,155289404,0.1765,Active,1,2
287,C1=CC(=CC=C1CN)NC(=O)N(CCCCO)CC2=CC=C(C=C2)C(=O)NO,154699463,0.176,Active,1,1
288,CCC(=O)CCCCC[C@@H](C1=NC=C(N1)C2=CC3=CC=CC=C3N=C2OC)NC(=O)C4CCC5(CC4)CN(C5)C,153582288,0.0036,Active,1,1
289,CCC(=O)CCCCC[C@@H](C1=NC=C(N1)C2=CC3=CC=CC=C3N=C2OC)NC(=O)[C@@H]4C[C@@]45CCN(C5)C,153582210,0.0313,Active,1,1
290,CC1=CC(=CC(=C1OCCCCCC(=O)NO)C)C2=NC3=C(C4=C(S3)CN(CC4)C)C(=O)N2,153534005,0.058,Active,1,1
291,CC1=CC(=CC(=C1OCC2=CC=C(C=C2)C(=O)NO)C)C3=NC4=C(C5=C(S4)CN(CC5)C)C(=O)N3,153534004,0.105,Active,1,1
292,CC1=CC(=CC(=C1OCC2=CC(=CC=C2)C(=O)NO)C)C3=NC4=C(C5=C(S4)CN(CC5)C)C(=O)N3,153534003,0.251,Active,1,1
293,CCCN1CCC2(CC1)C[C@@H]2C(=O)N[C@@H](CCCCCC(=O)CC)C3=NC=C(N3)C4=CC5=CC=CC=C5N=C4OC,153084466,0.0103,Active,1,1
294,CC1=CC(=CC(=C1OCCOCC2=CC=C(C=C2)/C=C/C(=O)NO)C)C3=NC4=C(C5=C(S4)CN(CC5)C)C(=O)N3,152636346,0.085,Active,1,1
295,CC1=CC(=CC(=C1OCC2=CC=C(C=C2)/C=C/C(=O)NO)C)C3=NC4=C(C5=C(S4)CN(CC5)C)C(=O)N3,151364732,0.097,Active,1,1
296,C1=CC=C(C(=C1)NC2=NC(=NC=C2Cl)NC3=CN(N=C3)CCCCCC(=O)NO)Cl,150496562,0.018,Active,1,1
297,CCC(=O)CCCCC[C@@H](C1=NC=C(N1)C2=CC3=CC=CC=C3N=C2OC)NC(=O)[C@H]4CC45CCN(CC5)CC6CC6,149256177,0.00069,Active,1,1
298,CC(C)C1C(=O)NC(C(C(=O)NCC2=NC(=CS2)C3=NC(CS3)(C(=O)N1)C)(F)F)C=CCCS,148289288,0.00925,Active,1,1
299,C1=CC=C2C(=C1)C(=C3C=CC(=CC3=C2O)C(=O)N=O)O,147254231,4.618,Active,0,1
300,CCC(=O)CCCCC[C@@H](C1=NC=C(N1)C2=CC3=CC=CC=C3N=C2OC)NC(=O)[C@H]4CC45CCN(CC5)CCC(F)(F)F,147125573,0.0131,Active,1,1
301,CCC(=O)CCCCC[C@@H](C1=NC=C(N1)C2=CC3=CC=CC=C3N=C2OC)NC(=O)[C@H]4CC45CCN(CC5)CC(F)(F)F,147105312,0.0098,Active,1,1
302,C1=CC=C(C=C1)CN2C(=NN=N2)CN(CC3=CC=C(C=C3)C(=O)NO)C(=O)C4=CC=CC=C4C(F)(F)F,146680839,2.26,Active,0,1
303,CN1CC(C1)C(=O)N[C@@H](CCCCCC(=O)C2=NC=CO2)C3=NC=C(N3)C4=CC=C(C=C4)F,146317609,0.02305,Active,1,2
304,CN1CC(C1)C(=O)N[C@@H](CCCCCC(=O)C2=NOC=C2)C3=NC=C(O3)C4=CC=CC=C4F,146317434,0.00741,Active,1,2
305,C1=CC=C(C(=C1)C2=CN=C(N2)[C@H](CCCCCC(=O)C3=NOC=C3)N)F,146317418,0.09325,Active,1,2
306,C1=CC=C(C(=C1)C2=CN=C(N2)[C@H](CCCCCC(=O)C3=COC=N3)N)F,146317396,0.74,Active,1,1
307,CN1CC(C1)C(=O)N[C@@H](CCCCCC(=O)C2=NOC=C2)C3=NC=C(N3)C4=CC=CC=C4F,146317294,0.002585,Active,1,2
308,CN1CC(C1)C(=O)N[C@@H](CCCCCC(=O)C2=NOC=C2)C3=NN=C(O3)C4=CC=CC=C4F,146317278,1.1005,Active,0,2
309,CC1=CC=C(O1)C2=NC3=CC(=C(C=C3C(=C2)NCC4CCN(CC4)C5=NC=C(C=N5)C(=O)NO)OC)OC,146284820,0.051,Active,1,1
310,CC1=C2C(=CC(=N1)C(=O)N(C)CC3=CC=C(C=C3)C(=O)NO)C4=CC=CC=C4N2,145994163,3.06,Active,0,1
311,CCCCN(CC1=CC=C(C=C1)C(=O)NO)C(=O)C2=NC=C3C(=C2)C4=CC=CC=C4N3,145993768,2.69,Active,0,1
312,CN(CC1=CC=C(C=C1)C(=O)NO)C(=O)C2=NC(=C3C(=C2)C4=CC=CC=C4N3)C5=CC=CC=C5OC,145993428,0.96,Active,1,1
313,CCCCN(CC1=CC=C(C=C1)C(=O)NO)C(=O)C2=NC(=C3C(=C2)C4=CC=CC=C4N3)C5=CC=CC=C5OC,145992467,0.34,Active,1,1
314,CCN(CC1=CC=C(C=C1)C(=O)NO)C(=O)C2=NC=C3C(=C2)C4=CC=CC=C4N3,145990399,4.78,Active,0,1
315,CC1=CC=C(C=C1)C2=NN(C(=C2)C(F)(F)F)CCC3=CC=C(C=C3)C(=O)NO,145989487,0.549,Active,1,1
316,CN(CC1=CC=C(C=C1)C(=O)NO)C(=O)C2=NC=C3C(=C2)C4=CC=CC=C4N3,145988992,5.63,Active,0,1
317,CCCN(CC1=CC=C(C=C1)C(=O)NO)C(=O)C2=NC(=C3C(=C2)C4=CC=CC=C4N3)C,145987823,0.85,Active,1,1
318,CC1=CC(=NN1CC2=CC=C(C=C2)C(=O)NO)C3=CC4=C(C=C3)OCO4,145987732,0.04,Active,1,1
319,CC1=CC=C(C=C1)C2=NN(C(=C2)C)CC3=CC=C(C=C3)C(=O)NO,145987492,0.041,Active,1,1
320,C1CN(CCN1C2=CC=NC=C2)C(=S)SCC3=CC=C(C=C3)C(=O)NC4=CC=CC=C4N,145985400,0.47,Active,1,1
321,C[Si](CCCCCCC(=O)NC1=CC=CC=C1)(O)O,145983639,6.3,Active,0,1
322,CCCN(CC1=CC=C(C=C1)C(=O)NO)C(=O)C2=NC(=C3C(=C2)C4=CC=CC=C4N3)C5=CC=CC=C5OC,145981665,0.26,Active,1,1
323,CCCCN(CC1=CC=C(C=C1)C(=O)NO)C(=O)C2=NC(=C3C(=C2)C4=CC=CC=C4N3)C,145980347,0.93,Active,1,1
324,CN(CCCCC(CO[N+](=O)[O-])O[N+](=O)[O-])CC1=NC=C(C=C1)COC(=O)NCC2=CC=C(C=C2)C(=O)NC3=CC=CC=C3N.Cl.Cl.Cl,145980171,0.39,Active,1,1
325,CCCCN(CC1=CC=C(C=C1)C(=O)NO)C(=O)C2=NC(=C3C(=C2)C4=CC=CC=C4N3)C5=CC(=CC=C5)OC,145979160,0.37,Active,1,1
326,CCN(CC1=CC=NC=C1)C(=S)SCC2=CC=C(C=C2)C(=O)NC3=CC=CC=C3N,145978932,0.9,Active,1,1
327,COC1=C(C=C2C(=C1)C=CN2CCOC3=CC=C(C=C3)NC(=O)CCCCCCC(=O)NO)OC,145977717,0.0166,Active,1,1
328,C1=CC(=CC=C1NC(=O)CCCCCCC(=O)NO)N(CCCl)CCCl,145977632,0.24,Active,1,1
329,CC1=C2C=CC(=CC2=NN1C)N(C)C3=NC(=NC=C3)NC4=CC=CC(=C4)C(=O)NCCCCCC(=O)NO,145976956,0.18,Active,1,1
330,CC1=C2C=CC(=CC2=NN1C)N(C)C3=NC(=NC=C3)NC4=CC=C(C=C4)C(=O)NCCCCCC(=O)NO,145974717,0.017,Active,1,1
331,C1COCCN1C2=C3C=CC=C4C3=C(C=C2)C(=O)N(C4=O)CC5=CC=C(C=C5)C(=O)NO,145973368,0.0988,Active,1,1
332,C1=CC(=CC=C1CNC(=O)C2=CC(=NN2)C3=CC=C(C=C3)F)C(=O)NO,145970598,0.017,Active,1,1
333,CCCC1=CC(=NN1CC2=CC=C(C=C2)C(=O)NO)C3=CC=C(C=C3)F,145970453,0.362,Active,1,1
334,C1=CC(=CC=C1C2=NNC(=C2)C(=O)NCCCCCC(=O)NO)F,145970171,0.042,Active,1,1
335,CC1=CC=C(C=C1)C2=CC(=NN2CC3=CC=C(C=C3)C(=O)NO)C(F)(F)F,145969996,1.216,Active,0,1
336,CC1=CC=C(C=C1)C2=CC(=NN2CC3=CC=C(C=C3)C(=O)NO)C,145969789,0.076,Active,1,1
337,C1=CC(=CC=C1C2=NNC(=C2)C(=O)NCCCCCCC(=O)NO)F,145969456,0.04,Active,1,1
338,CC1=CC(=NN1CC2=CC=C(C=C2)C(=O)NO)C3=CC=C(C=C3)F,145968985,0.114,Active,1,1
339,C1=CC=C(C=C1)CC2=CC(=NN2CC3=CC=C(C=C3)C(=O)NO)C4=CC=C(C=C4)F,145968824,0.763,Active,1,1
340,CCC1=NN(C(=C1)C2=CC=C(C=C2)F)CC3=CC=C(C=C3)C(=O)NO,145968087,1.503,Active,0,1
341,CC1=CC=C(C=C1)C2=CC(=NN2C3=CC=C(C=C3)C(=O)NO)C(F)(F)F,145967968,0.919,Active,1,1
342,C1=CC(=CC=C1C2=NNC(=C2)C(=O)NCCCCC(=O)NO)F,145967905,0.883,Active,1,1
343,CCCC1=NN(C(=C1)C2=CC=C(C=C2)F)CC3=CC=C(C=C3)C(=O)NO,145967851,2.883,Active,0,1
344,CC1=CC=C(C=C1)C2=NN(C(=C2)C(F)(F)F)CC3=CC=C(C=C3)C(=O)NO,145967832,0.047,Active,1,1
345,CC1=CC=C(C=C1)C2=CC(=NN2CCC3=CC=C(C=C3)C(=O)NO)C(F)(F)F,145967698,0.635,Active,1,1
346,CC1=NN(C(=C1)C2=CC3=C(C=C2)OCO3)CC4=CC=C(C=C4)C(=O)NO,145967610,0.135,Active,1,1
347,CC1=NN(C(=C1)C2=CC=C(C=C2)F)CC3=CC=C(C=C3)C(=O)NO,145967593,1.974,Active,0,1
348,CC1=C2C=CC(=CC2=NN1C)N(C)C3=NC(=NC=C3)NC4=CC=C(C=C4)C(=O)NCCCCCCCC(=O)NO,145966738,0.025,Active,1,1
349,CC1=C2C=CC(=CC2=NN1C)N(C)C3=NC(=NC=C3)NC4=CC=C(C=C4)C(=O)NCCCCCCC(=O)NO,145966712,0.19165,Active,1,2
350,COC1=CC2=C(C=C1)N(C=C2)CCOC3=CC=C(C=C3)NC(=O)CCCCCCC(=O)NO,145959866,0.0331,Active,1,1
351,C1COCCN1C2=CC=C(C=C2)NC3=NC=CC(=N3)C4=CC=C(C=C4)C(=O)NO,145958641,1.704,Active,0,1
352,C1C(C1NCC2=CC=C(C=C2)C(=O)NC3=CC=CC=C3N)C4=CC=CC=C4,145957740,0.413,Active,1,1
353,COC1=CC=CC(=C1)N2C(=NC(=N2)C(=O)NCCCCCC(=O)NO)C3=CC(=C(C(=C3)OC)OC)OC,145955496,0.232,Active,1,1
354,C1C(C1NCC2=CC=C(C=C2)/C=C/C(=O)NO)C3=CC=CC=C3,145954248,0.025,Active,1,1
355,C1C(C1C(=O)NC2=CN=C(C=C2)C(=O)NC3=C(C=C(C=C3)F)N)C4=CC=CC=C4,145952295,4.9,Active,0,1
356,COC1=CC=CC(=C1)N2C(=NC(=N2)C(=O)NCC(=O)NO)C3=CC(=C(C(=C3)OC)OC)OC,145952135,0.263,Active,1,1
357,COC1=C(C(=C2C(=C1)C=CN2CCCCOC3=CC=CC(=C3)NC(=O)CCCCCCC(=O)NO)OC)OC,145951170,0.9996,Active,1,1
358,C1CC1(C2=CC=CC=C2)NCC3=CC=C(C=C3)C(=O)NCCCCCCC(=O)NO,145949712,0.023,Active,1,1
359,CC[C@@H](C1=NC2=C(C(=CC=C2)NCC3=CC=C(C=C3)C(=O)NO)C(=O)N1C4=CC=CC=C4)NC5=NC=NC6=C5NC=N6,142506189,7.173,Active,0,1
360,CC[C@@H](C1=NC2=CC=CC(=C2C(=O)N1C3=CC=CC=C3)CCCCC(=O)NO)NC4=NC=NC5=C4NC=N5,142506033,1.231,Active,0,1
361,CC[C@@H](C1=NC2=C(C(=CC=C2)NCCCC(=O)NO)C(=O)N1C3=CC=CC=C3)NC4=NC=NC5=C4NC=N5,142506025,3.247,Active,0,1
362,CC1=CC=C(O1)C2=NC3=CC(=C(C=C3C(=C2)NCC4C5CCC4CN(C5)C6=NC=C(C=N6)C(=O)NO)OC)OC,142495399,0.125,Active,1,1
363,CC1=CC=C(O1)C2=NC3=CC(=C(C=C3C(=C2)NCC4CCC(CC4)C(=O)NO)OC)OCCCN5CCCC5,142495374,0.159,Active,1,1
364,CC1=CC=C(O1)C2=NC3=CC(=C(C=C3C(=C2)NCC4=CC=C(C=C4)C(=O)NO)OC)OC,142495372,0.091,Active,1,1
365,CC1=CC=C(O1)C2=NC3=CC(=C(C=C3C(=C2)NC4CCN(CC4)C5=NC=C(C=N5)C(=O)NO)OC)OC,142495358,0.409,Active,1,1
366,CC1=CC=C(O1)C2=NC3=CC(=C(C=C3C(=C2)NCC4CCC(CC4)C(=O)NO)OC)OC,142495322,0.274,Active,1,1
367,CC1=CC=C(O1)C2=NC3=CC(=C(C=C3C(=C2)NCC4=CC=C(C=C4)C(=O)NO)OC)OCCCN5CCCC5,142495304,0.06,Active,1,1
368,C[C@@H](C1=CC=CC=C1)C(=O)NC2=CC=C(C=C2)C(=O)NC3=C(C=C(C=C3)F)N,142489344,3.4,Active,0,1
369,C[C@@H](C1=CC=CC=C1)C(=O)NC2=CN=C(C=C2)C(=O)NC3=C(C=C(C=C3)F)N,142489342,2,Active,0,1
370,CC[C@H](C1=CC=CC=C1)C(=O)NC2=CN=C(C=C2)C(=O)NC3=C(C=C(C=C3)F)N,142489335,0.63,Active,1,1
371,C1=CC=C(C=C1)CCC(=O)NC2=CN=C(C=C2)C(=O)NC3=C(C=C(C=C3)F)N,142489330,7.8,Active,0,1
372,CC[C@H](C1=CC=CC=C1)C(=O)NC2=CC=C(C=C2)C(=O)NC3=C(C=C(C=C3)F)N,142489328,1.2,Active,0,1
373,C1=CC=C(C=C1)CC(=O)NC2=CN=C(C=C2)C(=O)NC3=C(C=C(C=C3)F)N,142489323,2,Active,0,1
374,C1=CC=C(C=C1)CCC(=O)NC2=CC=C(C=C2)C(=O)NC3=C(C=C(C=C3)F)N,142489322,1.1,Active,0,1
375,C1=CC(=CC=C1CC(=O)NC2=CN=C(C=C2)C(=O)NC3=C(C=C(C=C3)F)N)F,142489319,3,Active,0,1
376,CC(C)[C@@H](C1=CC=CC=C1)C(=O)NC2=CN=C(C=C2)C(=O)NC3=C(C=C(C=C3)F)N,142489318,2.5,Active,0,1
377,C1=CC(=CC=C1CC(=O)NC2=CC=C(C=C2)C(=O)NC3=C(C=C(C=C3)F)N)F,142489316,2.7,Active,0,1
378,CC(C)[C@H](C1=CC=CC=C1)C(=O)NC2=CC=C(C=C2)C(=O)NC3=C(C=C(C=C3)F)N,142489314,1.8,Active,0,1
379,CC[C@@H](C1=CC=CC=C1)C(=O)NC2=CC=C(C=C2)C(=O)NC3=C(C=C(C=C3)F)N,142489313,4.8,Active,0,1
380,C[C@H](C1=CC=CC=C1)C(=O)NC2=CC=C(C=C2)C(=O)NC3=C(C=C(C=C3)F)N,142489312,2.8,Active,0,1
381,CC1=CC=C(C=C1)CN2CCC(CC2)C3=NOC(=N3)CN(C)C4=NC=C(C=N4)C(=O)NO,141764754,0.0036,Active,1,1
382,C1=CC(=CC=C1NC2=NC(=NC=C2)NC3=CN(N=C3)CCCCCCC(=O)NO)F,141728877,0.018,Active,1,1
383,CNC1=NC(=NC=C1C(F)(F)F)NC2=CN(N=C2)CCCCCCC(=O)NO,141728874,0.037,Active,1,1
384,C1=CC(=CC=C1NC2=NC(=NC=C2Cl)NC3=CN(N=C3)CCCCCC(=O)NO)F,141728873,0.026,Active,1,1
385,CCCNC1=NC(=NC=C1Cl)NC2=CN(N=C2)CCCCCCC(=O)NO,141728871,0.026,Active,1,1
386,C1=CC(=CC=C1NC2=NC(=NC=C2Cl)NC3=CN(N=C3)CCCCC(=O)NO)F,141728867,0.9845,Active,1,2
387,C1CCN(CC1)C2=NC(=NC=C2Cl)NC3=CN(N=C3)CCCCCCC(=O)NO,141728860,0.04,Active,1,1
388,C1=CC(=CC=C1NC2=NC(=NC=C2F)NC3=CN(N=C3)CCCCCCC(=O)NO)F,141728855,0.003,Active,1,1
389,C1=CC=C(C(=C1)NC2=NC(=NC=C2Cl)NC3=CN(N=C3)CCCCCCC(=O)NO)Cl,141728846,0.01,Active,1,1
390,C1=CC(=CC=C1NC2=NC(=NC=C2Cl)NC3=CN(N=C3)CCCCCCCC(=O)NO)F,141728845,0.234,Active,1,2
391,C1=CC(=CC(=C1)Cl)NC2=NC(=NC=C2Cl)NC3=CN(N=C3)CCCCCCC(=O)NO,141728841,0.075,Active,1,2
392,C1CC1NC2=NC(=NC=C2Cl)NC3=CN(N=C3)CCCCCCC(=O)NO,141728840,0.013,Active,1,1
393,COC1=CC=C(C=C1)NC2=NC(=NC=C2Cl)NC3=CN(N=C3)CCCCCCC(=O)NO,141728831,0.003,Active,1,1
394,C1=CC(=CC=C1CN2C=C(C=N2)NC3=NC=C(C(=N3)NC4=CC=C(C=C4)F)Cl)C(=O)NO,141728829,0.396,Active,1,2
395,C1=CC(=CC(=C1)Cl)NC2=NC(=NC=C2Cl)NC3=CN(N=C3)CCCCCC(=O)NO,141728827,0.004,Active,1,1
396,C1=CC(=CC=C1NC2=NC(=NC=C2C(F)(F)F)NC3=CN(N=C3)CCCCCCC(=O)NO)F,141728825,0.041,Active,1,1
397,C1=CC(=CC=C1NC2=NC(=NC=C2Cl)NC3=CN(N=C3)CCCCCCC(=O)NO)F,141728813,0.003,Active,1,1
398,C1COCCN1C2=NC(=NC=C2Cl)NC3=CN(N=C3)CCCCCCC(=O)NO,141728811,0.037,Active,1,1
399,C1=CC=C(C=C1)NC2=NC(=NC=C2Cl)NC3=CN(N=C3)CCCCCCC(=O)NO,141728806,0.019,Active,1,1
400,CC1=C2C=CC(=CC2=NN1C)N(C)C3=NC(=NC=C3)NC4=CC=C(C=C4)C(=O)NCCCCCC(=O)NC5=CC=CC=C5N,141504722,3,Active,0,1
401,CC1=C2C=CC(=CC2=NN1C)N(C)C3=NC(=NC=C3)NC4=CC=C(C=C4)C(=O)NCCCCCCC(=O)NC5=CC=CC=C5N,141504714,5,Active,0,1
402,CC1=C2C=CC(=CC2=NN1C)N(C)C3=NC(=NC=C3)NC4=CC=C(C=C4)C(=O)NCCCCCCCC(=O)NC5=CC=CC=C5N,141504704,4.98,Active,0,2
403,CC(C)[C@H](C1=CC=CC=C1)C(=O)NC2=NC=C(C=C2)C(=O)NC3=C(C=C(C=C3)F)N,139325820,8.4,Active,0,1
404,C1[C@@H]([C@@H]1C(=O)NC2=CC=C(C=C2)C(=O)NC3=C(C=C(C=C3)F)N)C4=CC=CC=C4,139325532,2.1,Active,0,1
405,CC1=C2C=CC(=CC2=NN1C)N(C)C3=NC(=NC=C3)NC4=CC=C(C=C4)C(=O)NC5=CC=CC=C5N,138393067,2.755,Active,0,2
406,C1COC2(O1)C3=C(C=CC(=C3)Br)N(C2=O)CC(=O)NC4=CC=C(C=C4)C(=O)NC5=CC=CC=C5N,137659898,0.128,Active,1,1
407,C1=CC=C(C=C1)CC(CCCC(=O)NO)CCC(=O)NC2=CC=CC=C2,137657845,3.5,Active,0,1
408,C1COC2(C3=C(C=CC(=C3)Br)N(C2=O)CCC(=O)NC4=CC=C(C=C4)C(=O)NC5=CC=CC=C5N)OC1,137656290,0.026,Active,1,1
409,C1COC2(C3=C(C=CC(=C3)Cl)N(C2=O)CC(=O)NCC4=CC=C(C=C4)C(=O)NC5=C(C=CC(=C5)C6=CC=CS6)N)OC1,137648171,0.179,Active,1,1
410,CC1=C(C2=CC=CC=C2N1)CCNCC3=CC(=CC=C3)C=CC(=O)NO.Cl,137647813,0.00018,Active,1,1
411,C1COC2(C3=C(C=CC(=C3)Cl)N(C2=O)CC(=O)NCC4=CC=C(C=C4)C(=O)NC5=CC=CC=C5N)OC1,137643760,0.223,Active,1,1
412,CCCCC(CCCC(=O)NO)CCC(=O)NC1=CC=CC=C1,137641520,1.3,Active,0,1
413,C1=CC(=C2C=CNC2=C1)CCNS(=O)(=O)C3=CC=C(C=C3)C=CC(=O)NO,137638741,0.0009,Active,1,1
414,CN1C=CC2=C(C=CC=C21)CCNS(=O)(=O)C3=CC=C(C=C3)C=CC(=O)NO,137635575,0.00053,Active,1,1
415,CN(C)CC1=CN(C2=CC=CC=C21)CC3=CC=C(C=C3)C(=O)NO,137634156,6.30957,Active,0,1
416,CC1CN(CCO1)C(=O)NC2=CC=C(C=C2)C3=NC4=C(C=NN4CCCCCCC(=O)NO)C(=N3)N5CCOCC5,137628684,0.00061,Active,1,1
417,CC1=C2C=CC(=CC2=NN1C)N(C)C3=NC(=NC=C3)NC4=CC=C(C=C4)C=CC(=O)NO,137487429,3.35,Active,0,2
418,CC1=C2C=CC(=CC2=NN1C)N(C)C3=NC(=NC=C3)NC4=CC=CC(=C4)/C=C/C(=O)NO,137487427,3,Active,0,1
419,C1=CC=C(C=C1)CC(=O)NC2=CC=C(C=C2)C(=O)NC3=C(C=C(C=C3)F)N,137353182,3.2,Active,0,1
420,C1=CC(=CC=C1CC(=O)NC2=CC=C(C=C2)C(=O)NC3=C(C=C(C=C3)F)N)C(F)(F)F,137353141,1.3,Active,0,1
421,CC(C)[C@H](C1=CC=CC=C1)C(=O)NC2=CN=C(C=C2)C(=O)NC3=C(C=C(C=C3)F)N,137353123,1.1,Active,0,1
422,CCOC1=CC(=CC2=C1OCC(=C2)[N+](=O)[O-])NC(=O)CCCCNC(=O)C(CC3=CC=CC=C3)N,132576546,2.915,Active,0,1
423,CCOC1=CC(=CC2=C1OCC(=C2)[N+](=O)[O-])NC(=O)CCCCCC(=O)NC3=CC=CC=C3N,132576542,0.759,Active,1,1
424,CCOC1=CC(=CC2=C1OCC(=C2)[N+](=O)[O-])NC(=O)CCCCCC(=O)NC3=C(C=CC(=C3)C4=CC=C(S4)C)N,132576541,1.788,Active,0,1
425,CCOC1=CC(=CC2=C1OCC(=C2)[N+](=O)[O-])NC(=O)CCCCCCC(=O)NC3=C(C=CC(=C3)C4=CC=CC=C4)N,132576540,0.827,Active,1,1
426,CCOC1=CC(=CC2=C1OCC(=C2)[N+](=O)[O-])NC(=O)CCCCCC(=O)NC3=C(C=CC(=C3)C4=CC=CC=C4)N,132576539,0.659,Active,1,1
427,CCOC1=CC(=CC2=C1OCC(=C2)[N+](=O)[O-])NC(=O)CCCCCCC(=O)NC3=CC=CC=C3N,132576538,0.439,Active,1,1
428,C1COC2(C3=C(C=CC(=C3)Cl)N(C2=O)CCC(=O)NC4=CC=C(C=C4)C(=O)NC5=CC=CC=C5N)OC1,132569672,0.256,Active,1,1
429,C1C(C1NCC2=CC=C(C=C2)C(=O)NO)C3=CC=CC=C3,132137973,3.103,Active,0,1
430,C1CC2=C(C=CC(=C2)Cl)N(C1)CC3=CC=C(C=C3)C(=O)NO,130345472,0.282,Active,1,1
431,CC(C)N1C=NC2=C(N=C(N=C21)N)NCCCCCCC(=O)NO,127039213,0.154,Active,1,1
432,C1=CC=C(C=C1)CN2C=NC3=C(N=C(N=C32)Cl)NCCCCCC(=O)NO,127027767,0.056,Active,1,1
433,CC(C)CN1C=NC2=C(N=C(N=C21)Cl)NCCCCCCC(=O)NO,127026516,0.165,Active,1,1
434,C1COCCN1C2=C3C=CC=C4C3=C(C=C2)C(=O)N(C4=O)CCCCCC(=O)NO,122376192,0.0256,Active,1,1
435,C1=CC=C(C(=C1)N)NC(=O)C2=CC=C(C=C2)CNCC3=NC(=NO3)C4=CN=CC=C4,118735154,8.37,Active,0,1
436,C1=CC=C(C(=C1)N)NC(=O)C2=CC=C(C=C2)CNCC3=NC(=NO3)C4=CC=CS4,118735153,4.39,Active,0,1
437,C1=CC=C(C(=C1)N)NC(=O)C2=CC=C(C=C2)CNCC3=NC(=NO3)C4=CC=C(C=C4)[N+](=O)[O-],118735151,0.15,Active,1,1
438,C1=CC=C(C(=C1)N)NC(=O)C2=CC=C(C=C2)CNCC3=NC(=NO3)C4=CC=C(C=C4)Cl,118735150,0.43,Active,1,1
439,C1=CC=C(C(=C1)N)NC(=O)C2=CC=C(C=C2)CNCC3=NC(=NO3)C4=CC=C(C=C4)C(F)(F)F,118735149,5.93,Active,0,1
440,COC1=CC=C(C=C1)C2=NOC(=N2)CNCC3=CC=C(C=C3)C(=O)NC4=CC=CC=C4N,118735148,0.29,Active,1,1
441,CC1=CC=C(C=C1)C2=NOC(=N2)CNCC3=CC=C(C=C3)C(=O)NC4=CC=CC=C4N,118735147,0.56,Active,1,1
442,C1=CC2=C(C=CC(=O)N2)C=C1NC(=O)CCCCCCC(=O)NO,117829479,0.045,Active,1,1
443,CN1C2=C(C=CC1=O)C=C(C=C2)C(=O)NCCCCCCC(=O)NO,117829462,0.09,Active,1,1
444,CC1(CC(=O)N(C2=C1C=C(C=C2)C(=O)NCCCCCCC(=O)NO)C)C,117829461,0.1,Active,1,1
445,COC1=NC2=C(C=C1)C=C(C=C2)C(=O)NCCCCCCC(=O)NO,117829456,0.17,Active,1,1
446,C1=CC=C(C(=C1)N)NC(=O)CCCCC(=O)NC2=CC\3=C(C=C2)NC(=O)/C3=C\C4=CC=CN4,101882858,3.29,Active,0,1
447,CN1CCC(CC1)C(=O)N[C@@H](CCCCCC(=O)C2=CC=CC=N2)C3=NC=C(N3)C4=CC=CC=C4,87331269,0.24,Active,1,1
448,CC1(CC(=O)NC2=C1C=C(C=C2)C(=O)NCC3CCC(CC3)CCC(=O)NO)C,86581435,0.03,Active,1,2
449,CC1(CC(=O)NC2=C1C=C(C=C2)C(=O)NCC3=CC(=CC=C3)/C=C/C(=O)NO)C,86581432,0.1,Active,1,1
450,CC1(CC(=O)NC2=C1C=C(C=C2)NC(=O)CCCCCCC(=O)NO)C,86581153,0.01,Active,1,1
451,C1CC(=O)NC2=C1C=C(C=C2)NC(=O)CCCCCCC(=O)NO,86581152,0.018,Active,1,1
452,C1CC(=O)NC2=C1C=C(C=C2)C(=O)NCCCCCCC(=O)NO,86581004,0.02,Active,1,1
453,CC1(CC(=O)NC2=C1C=C(C=C2)C(=O)NCC3CCC(CC3)/C=C/C(=O)NO)C,86291495,0.1591,Active,1,2
454,C1=CC(=CN=C1)C2=CC=C(C=C2)C=NNC(=O)CCCCCC(=O)NO,73707550,0.0108,Active,1,1
455,C1=CSC(=C1)C2=CC=C(C=C2)C=NNC(=O)CCCCCC(=O)NO,73707545,0.0063,Active,1,1
456,C1=CC(=CC=C1C=NNC(=O)CCCCCC(=O)NO)C2=CN=CN=C2,73707544,0.021,Active,1,1
457,C1=CC(=CC=C1C=NNC(=O)CCCCCC(=O)NO)C2=CC=NC=C2,73707543,0.0142,Active,1,1
458,CC1=CC=CC=C1C2=CC=C(C=C2)C=NNC(=O)CCCCCC(=O)NO,73707536,0.0188,Active,1,1
459,C1=CC=NC(=C1)C2=CC=C(C=C2)C=NNC(=O)CCCCCC(=O)NO,73707535,0.0069,Active,1,1
460,C1=CC=C(C=C1)C2=CC=C(C=C2)C=NNC(=O)CCCCCCC(=O)NO,73707349,0.001,Active,1,1
461,CCOC(=O)NCCCC(=O)NCCC1=CC=CC=C1,72946782,0.0001155,Active,1,2
462,CC(=O)NC1=CC=C(C=C1)C(=O)NC2=C(C=C(C=C2)F)N,72734382,1.15,Active,0,1
463,C1=CC=C(C=C1)NC(=O)C=CC2=CC(=CC=C2)C(=O)NO,71681069,4.8,Active,0,1
464,C1=CC=C(C=C1)CCNC(=O)C2=CC(=CC=C2)C(=O)NO,71680913,7.85,Active,0,2
465,C1CC=C(C1)C(=O)NO,71655802,1.79,Active,0,1
466,C(CCCC(=O)NO)CCC(=O)NCC1C2C(C(C(O1)OC3C(OC(C(C3O)O)OC4C(OC(C(C4O)O)OC5C(OC(C(C5O)O)OC6C(OC(C(C6O)O)OC7C(OC(C(C7O)O)OC8C(OC(O2)C(C8O)O)CO)CO)CO)CO)CO)CO)O)O,71624738,1.2,Active,0,1
467,CNC(=O)C1=CC=C(C=C1)C(=O)NO,71574949,1.61,Active,0,1
468,C1=CC(=CC=C1C(=O)NCCC2=CC=NC=C2)C(=O)NO,71574948,0.341,Active,1,1
469,C1=CC=C(C=C1)N(CCO)C(=O)CC2=CC=C(C=C2)C(=O)NO,71532921,4.4,Active,0,1
470,CCCCN(CC1=CC=C(C=C1)C(=O)NO)C(=O)NC2=CC=CC=C2,71462653,3.598,Active,0,2
471,C1=CC=C(C=C1)N2C=C(C(=N2)C3=CC=C(C=C3)[N+](=O)[O-])C=CC(=O)NC4=CC=C(C=C4)Br,70696632,0.55,Active,1,1
472,COC1=CC=C(C=C1)C2=NN(C=C2C=CC(=O)NC3=CC=C(C=C3)Br)C4=CC=CC=C4,70696631,2.17,Active,0,1
473,COC1=CC=C(C=C1)C2=NN(C=C2C=CC(=O)NC3=CC=C(C=C3)Cl)C4=CC=CC=C4,70694591,2.36,Active,0,1
474,COC1=CC=C(C=C1)C2=NN(C=C2C=CC(=O)NC3=CC=CC=C3)C4=CC=CC=C4,70694590,2.67,Active,0,1
475,C1=CC=C(C=C1)NC(=O)C=CC2=CN(N=C2C3=CC=C(C=C3)Br)C4=CC=CC=C4,70690378,6.52,Active,0,1
476,COC1=CC=C(C=C1)NC(=O)C=CC2=CN(N=C2C3=CC=C(C=C3)[N+](=O)[O-])C4=CC=CC=C4,70686232,1.15,Active,0,1
477,C1=CC=C(C=C1)N2C=C(C(=N2)C3=CC=C(C=C3)Br)C=CC(=O)NC4=CC=C(C=C4)Br,70681968,4.87,Active,0,1
478,C1=CC=C(C=C1)/C=C/C(=O)NCC2=CC=C(C=C2)C(=O)NC3=C(C=C(C=C3)F)N,57723146,0.14,Active,1,1
479,C1COCCN1C(=O)NCC2=CC=C(C=C2)C(=O)NC3=C(C=CC(=C3)C4=CC=CS4)N,57396604,0.88,Active,1,1
480,C1=CC(=CC=C1NC(=O)CCCCCCC(=O)NO)F,57395788,0.0127,Active,1,1
481,C1OC2=C(O1)C=C(C=C2)CN(CCO)CC3=CC=C(C=C3)C(=O)NC4=C(C=CC(=C4)C5=CC=CS5)N,57393108,0.74,Active,1,1
482,C1=CNC(=C1)/C=C\2/C3=C(C=CC(=C3)NC(=O)CCCCCCC(=O)NO)NC2=O,56932477,0.00111,Active,1,1
483,C1=CNC(=C1)/C=C\2/C3=C(C=CC(=C3)NC(=O)CCCCC(=O)NO)NC2=O,56837168,0.0204,Active,1,1
484,C1=CC=C(C=C1)C=CCN2C=C(C=N2)C=CC(=O)NC3=C(C=C(C=C3)F)N,56650312,9.7,Active,0,1
485,CCN1CCN(C(=O)C1=O)C(=O)NCC2=CC=C(C=C2)C(=O)NC3=C(C=CC(=C3)C4=CC=CS4)N,56591671,0.67,Active,1,1
486,C1=CC=C(C=C1)CN2C=CC3=C2C=CC(=C3)C=CC(=O)NO,53464639,0.3811,Active,1,1
487,COC1=C(C=C(C=C1)S(=O)(=O)N2C=CC3=C2C=CC(=C3)C=CC(=O)NO)OC,53464638,0.0023,Active,1,1
488,C1=CC(=CC=C1F)S(=O)(=O)N2C=CC3=C2C=CC(=C3)C=CC(=O)NO,53464579,0.1994,Active,1,1
489,COC1=CC=C(C=C1)S(=O)(=O)N2C=CC3=C2C=CC(=C3)C=CC(=O)NO,53464578,0.3618,Active,1,1
490,C1=CC=C(C=C1)S(=O)(=O)N2C=CC3=C2C=CC(=C3)C=CC(=O)NO,53464577,0.004,Active,1,1
491,C1=CC(=CC=C1C2=CC(=NO2)C(=O)NCCCCCCC(=O)NO)NC(=O)C3=CC(=CC(=C3)CN=[N+]=[N-])N=[N+]=[N-],53361475,0.78,Active,1,1
492,C1=C(C=C(C=C1CN2C=C(C=N2)NC(=O)CCCCCCC(=O)NO)N=[N+]=[N-])CN=[N+]=[N-],53361474,1,Active,0,1
493,C1=CC=C(C=C1)N(C2=CC=CC=C2)C3=NC=C(C=N3)C(=O)NCCCCCCC(=O)NO,53340666,0.1934,Active,1,5
494,C1=CC=C(C=C1)N(C2=CC=CC=C2Cl)C3=NC=C(C=N3)C(=O)NCCCCCCC(=O)NO,53340426,0.318,Active,1,2
495,C1CCN(CC1)CCNC(C2=CC=C(C=C2)C=CC(=O)NC3=CC=CC=C3N)C(=O)NC4=CC=C(C=C4)C5=CC=C(C=C5)C6CC6,53326925,0.24,Active,1,1
496,C1COCCC1CCNC(C2=CC=C(C=C2)C=CC(=O)NC3=CC=CC=C3N)C(=O)NC4=CC=C(C=C4)C(F)(F)F,53325976,0.8,Active,1,1
497,C1COCCN1CCNC(C2=CC=C(C=C2)C=CC(=O)NC3=CC=CC=C3N)C(=O)NC4=CC=C(C=C4)C(F)(F)F,50942502,0.29,Active,1,1
498,C1C2C(C2NCC3=CC=C(C=C3)Cl)CN1C4=NC=C(C=N4)C(=O)NO,49856931,0.014,Active,1,1
499,CN1CCC2=C(C1)C3=CC=CC=C3N2CC4=CC=C(C=C4)C(=O)NO,49850262,5.9015,Active,0,6
500,C1=CC=C(C=C1)C(=O)NC2=C(C=CC(=C2)C3=CC=C(C=C3)C(F)(F)F)N,46887476,3.8,Active,0,1
501,C1=CC=C(C=C1)C(=O)NC2=C(C=CC(=C2)C3=CC4=CC=CC=C4O3)N,46887475,10,Active,0,2
502,COC1=CC=CC(=C1)C2=CC(=C(C=C2)N)NC(=O)C3=CC=CC=C3,46887438,2.35,Active,0,2
503,C1=CC=C(C=C1)C(=O)NC2=C(C=CC(=C2)C3=CSC4=CC=CC=C43)N,46887436,10,Active,0,2
504,CC1=CC(=CC=C1)C2=CC(=C(C=C2)N)NC(=O)C3=CC=CC=C3,46887381,5.15,Active,0,2
505,CC(=O)C1=CC=C(C=C1)C2=CC(=C(C=C2)N)NC(=O)C3=CC=CC=C3,46887380,4.4,Active,0,2
506,COC1=CC=C(C=C1)C2=CC(=C(C=C2)N)NC(=O)C3=CC=CC=C3,46887379,0.5,Active,1,2
507,C1=CC=C(C=C1)C(=O)NC2=C(C=CC(=C2)C3=CC=NC=C3)N,46887378,2.085,Active,0,2
508,C1=CC=C(C=C1)C(=O)NC2=C(C=CC(=C2)C3=CC4=CC=CC=C4S3)N,46887335,10,Active,0,2
509,C=CC1=CC=C(C=C1)C2=CC(=C(C=C2)N)NC(=O)C3=CC=CC=C3,46887334,2.9,Active,0,2
510,C1=CC=C(C=C1)C(=O)NC2=C(C=CC(=C2)C3=NC=CS3)N,46887333,3.095,Active,0,2
511,C1=CC=C(C=C1)C(=O)NC2=C(C=CC(=C2)C3=CC=C(C=C3)F)N,46830345,0.716,Active,1,2
512,C1=CC=C(C=C1)C(=O)NC2=C(C=CC(=C2)C3=CC=CO3)N,46830328,0.9215,Active,1,2
513,C1=CC=C(C=C1)C(=O)NC2=C(C=CC(=C2)C3=COC=C3)N,46830327,0.4245,Active,1,2
514,C1=CC=C(C(=C1)N)NC(=O)CCCCCCC2=NC(=NO2)C3=CC=CS3,46203950,2.87,Active,0,1
515,C1=CC=C(C(=C1)N)NC(=O)CCCCCCC2=NC(=NO2)C3=CC(=CC=C3)[N+](=O)[O-],46203623,5.19,Active,0,1
516,COC1=CC=C(C=C1)C2=NOC(=N2)CCCCCCC(=O)NC3=CC=CC=C3N,46203618,3.85,Active,0,1
517,CC1=CC=C(C=C1)C2=NOC(=N2)CCCCCCC(=O)NC3=CC=CC=C3N,46203316,0.68,Active,1,1
518,C1=CC=C(C=C1)C2=NOC(=N2)CCCCCCC(=O)NC3=CC=CC=C3N,46203315,0.73,Active,1,1
519,C1=CC(=CC=C1C2=NOC(=N2)CCCCCCC(=O)NO)F,46190826,6.26,Active,0,1
520,C1=CSC(=C1)C2=NOC(=N2)CCCCCCC(=O)NO,46190825,0.51,Active,1,1
521,CC1=CC=C(C=C1)C2=NOC(=N2)CCCCCCC(=O)NO,46190823,2.78,Active,0,1
522,C1=CC(=CC(=C1)[N+](=O)[O-])C2=NOC(=N2)CCCCCCC(=O)NO,46190822,1.56,Active,0,1
523,C1=CC=C(C(=C1)C2=NOC(=N2)CCCCCCC(=O)NO)Cl,46190821,1.25,Active,0,1
524,C1=CC(=CC=C1C2=NOC(=N2)CCCCCCC(=O)NO)C(F)(F)F,46190820,7.93,Active,0,1
525,C1=CC(=CC=C1C2=NOC(=N2)CCCCCCC(=O)NO)[N+](=O)[O-],46190756,0.23,Active,1,1
526,C1=CC(=CC=C1C2=NOC(=N2)CCCCCCC(=O)NO)Cl,46190755,5.19,Active,0,1
527,C1=CC=C(C=C1)C2=NOC(=N2)CCCCCCC(=O)NO,46190753,1.17,Active,0,1
528,C1=CC(=CC=C1CNCC2=NC(=NO2)C3=CC=C(C=C3)[N+](=O)[O-])C(=O)NO,46190609,9.23,Active,0,1
529,C1=CC(=CC=C1CNCC2=NC(=NO2)C3=CC=C(C=C3)Cl)C(=O)NO,46190557,8.52,Active,0,1
530,C1=CC(=CC=C1CNCC2=NC(=NO2)C3=CC=C(C=C3)F)C(=O)NO,46190555,7.69,Active,0,1
531,C1=CC=C(C=C1)C2=NOC(=N2)CCCCCCC(=O)C(F)(F)F,46188075,1.05,Active,0,1
532,CC1=CC=C(C=C1)C2=NOC(=N2)CCCCCCC(=O)C(F)(F)F,46187891,7.32,Active,0,1
533,COC1=CC=C(C=C1)C2=NOC(=N2)CCCCCCC(=O)C(F)(F)F,46187890,4.53,Active,0,1
534,C1=CC(=CC=C1C2=NOC(=N2)CCCCCCC(=O)C(F)(F)F)C(F)(F)F,46187889,2.79,Active,0,1
535,C1=CC(=CC=C1C2=NOC(=N2)CCCCCCC(=O)C(F)(F)F)Cl,46187888,8.56,Active,0,1
536,C1=CC=C(C(=C1)C2=NOC(=N2)CCCCCCC(=O)C(F)(F)F)Cl,46187887,1.58,Active,0,1
537,C1=CC(=CC=C1C2=NOC(=N2)CCCCCCC(=O)C(F)(F)F)[N+](=O)[O-],46187886,8.15,Active,0,1
538,C1=CC(=CC(=C1)[N+](=O)[O-])C2=NOC(=N2)CCCCCCC(=O)C(F)(F)F,46187885,0.92,Active,1,1
539,C1=CSC(=C1)C2=NOC(=N2)CCCCCCC(=O)C(F)(F)F,46187719,1.63,Active,0,1
540,CCC(=O)CCCCCC1C(=O)NC(C(=O)NC(CC(=O)NC(C(=O)N1)C)CC(C)C)CC2=CC=CC3=CC=CC=C32,44598536,0.29,Active,1,1
541,C#CCOC1=CC=C(C=C1)/C=N/NC(=O)C2=CC(=CC=C2)C(=O)NO,44507029,6.3,Active,0,1
542,C1=CC=C(C=C1)C2=CC=C(C=C2)C=NNC(=O)CCCCC(=O)NO,44506448,0.033,Active,1,1
543,CC(=O)CCCCCC(C(=O)NC1=NC(=CS1)C2=CC=CC=C2)NC3CCCCN3C,44456965,0.17,Active,1,1
544,C1=CC=C(C=C1)NC(=O)C(CCCCCC(=O)NO)OC2=CC=CC(=C2)OC3=CC=CC=C3,44443718,0.5,Active,1,1
545,COC1=CC=CC(=C1)CN(C2=CC=CC=C2)C(=O)C(CCCCCC(=O)NO)OCC3=CC(=CC=C3)OC,44443716,0.5,Active,1,1
546,C1=CC=C2C=C(C=CC2=C1)C(=O)NCCCCCN(C=O)O,44359681,1.4,Active,0,1
547,C1=CC=C2C(=C1)C=CC=C2NC(=O)CCCCCCCN(C=O)O,44359555,5.9,Active,0,1
548,C1=CC(=CC=C1/C=C/C(=O)NO)C2=CC3=C(C=C2)NC=C3,42632491,1.2,Active,0,1
549,C1=CC=C(C=C1)C2=CC=C(C=C2)/C=C/C(=O)NO,42632368,0.82,Active,1,1
550,C1=CC(=CC=C1/C=C/C=C/C(=O)NO)C2=CC=C(C=C2)C#N,42631048,1.2,Active,0,1
551,C1=CSC(=C1)C2=CC=C(C=C2)/C=C/C(=O)NO,42630932,0.45,Active,1,1
552,C1=CC(=CC=C1CCC(=O)NO)C2=CC=C(C=C2)O,42630929,1.7,Active,0,1
553,COC1=CC(=C(C=C1)Br)C=NNC(=O)CCCCCC(=O)NO,42618298,0.005,Active,1,1
554,CCC(=O)NCC1=CC=C(C=C1)C(=O)NC2=C(C=CC(=C2)C3=CC=CS3)N,25157071,0.47,Active,1,1
555,C1=CC=C(C=C1)C2=CC=C(C=C2)C=NNC(=O)CCCCCC(=O)NO,25118059,0.0021,Active,1,1
556,CN1C=C(C2=CC=CC=C21)CNCC3CCN(CC3)C4=NC=C(C=N4)C(=O)NO.Cl,25067557,0.0011,Active,1,1
557,COC1=CC=C(C=C1)COC(CCCCCC(=O)NO)C(=O)NC2=CC=C(C=C2)OC,25066350,0.5,Active,1,1
558,COC1=CC=C(C=C1)NC(=O)C(CCCCCC(=O)NO)OCC2=CC=CC=C2,25066140,0.5,Active,1,1
559,C=CCOC(CCCCCC(=O)NO)C(=O)NC1=CC=CC=C1,25065931,0.5,Active,1,1
560,COC(CCCCCC(=O)NO)C(=O)NC1=CC=CC=C1,25065930,0.5,Active,1,1
561,C1=CC=C(C=C1)NC(=O)C(CCCCCC(=O)NO)O,25065929,0.5,Active,1,1
562,C1=CC=C(C=C1)COC(CCCCC(=O)NO)C(=O)NC2=CC=CC=C2,25065925,0.5,Active,1,1
563,CCCOC(CCCCC(=O)NO)C(=O)NC1=CC=CC=C1,25065713,0.5,Active,1,1
564,COC(CCCCC(=O)NO)C(=O)NC1=CC=CC=C1,25065710,0.5,Active,1,1
565,CC(C)C1C(=O)OC(CC(=O)NCC2=NC(=CS2)C3=NC(CS3)(C(=O)N1)C)C=CCCS,24938735,0.0095,Active,1,1
566,CC1=C(C2=C(N1)C=CC(=C2)OC)CC(=O)NC(CCCCCC(=O)C)C3=NC=C(N3)C4=CC=CC=C4,24853793,0.11,Active,1,2
567,CC1=C(C2=C(N1)C=CC(=C2)OC)CC(=O)NC(CCCCCC(=O)C)C3=NC4=C(N3)C=C(C=C4)Cl,24853792,0.88,Active,1,1
568,CCCCCCCC(=O)SCCC=CC1CC(=O)NCC2=NC(=CS2)C3=NC(CS3)(C(=O)NC(C(=O)O1)C(C)C)C,24757913,1.52,Active,0,1
569,C#CCOC1=CC=C(C=C1)/C=N/NC(=O)CCCCCCC(=O)NO,23818230,0.0021,Active,1,1
570,C1CC(=O)N(CC(OC(=O)CCC=C1)C2=CC=CC=C2)CC3=CC(=CC=C3)C=NNC(=O)C4=CC(=CC=C4)C(=O)NO,23760408,5,Active,0,1
571,COC1=CC=C(C=C1)C(=O)NC2=C(C=CC(=C2)C3=CC=CS3)N,23648268,0.2,Active,1,1
572,COC1=C(C=C(C=C1)NCC2=CC=C(C=C2)C(=O)NC3=C(C=CC(=C3)C4=CC=CS4)O)OC,23648266,0.06,Active,1,1
573,COC1=C(C=C(C=C1)NCC2=CC=C(C=C2)C(=O)NC3=C(C=CC(=C3)C4=COC=C4)N)OC,23648263,0.07,Active,1,1
574,COC1=C(C=C(C=C1)NCC2=CC=C(C=C2)C(=O)NC3=C(C=CC(=C3)C4=CSC=C4)N)OC,23648262,0.06,Active,1,1
575,COC1=C(C=C(C=C1)NCC2=CC=C(C=C2)C(=O)NC3=C(C=CC(=C3)C4=CC=CC=C4)N)OC,23648261,0.1,Active,1,1
576,C1=CC(=CN=C1)COC(=O)NCC2=CC=C(C=C2)C(=O)NC3=C(C=CC(=C3)C4=CC=CS4)N,23648260,0.053,Active,1,2
577,C1=CC=C(C=C1)C2=CC=C(C=C2)CCCCC(=O)NO,22915475,0.72,Active,1,1
578,C1CCC(=CC1)C(=O)NO,20459443,1.05,Active,0,1
579,CC(=O)CCCCCC(C1=NC=C(N1)C2=CC3=CC=CC=C3C=C2)NC(=O)C4CCN(CC4)C,16049824,0.029,Active,1,1
580,C1=CC(=CC=C1/C=C/C(=O)NO)C2=CC=C(C=C2)C#N,15986510,0.33,Active,1,1
581,C1=CC(=CC=C1/C=C/C(=O)NO)C2=CC=C(C=C2)Cl,15986508,1.86,Active,0,1
582,C1=CC(=CC=C1CO)C2=CC=C(C=C2)/C=C/C(=O)NO,15986506,0.22,Active,1,1
583,C1=CC(=CC=C1/C=C/C(=O)NO)C2=CC=C(C=C2)O,15986418,0.59,Active,1,1
584,COC1=C(C=C(C=C1)NCC2=CC=C(C=C2)C(=O)NC3=CC=CC=C3N)OC,15984110,0.5,Active,1,1
585,C[C@@H](/C=C(\C)/C=C/C(=O)NO)C(=O)C1=CC=C(C=C1)N(C)C,13507024,0.016,Active,1,1
586,C1=CC(=CN=C1)/C=C/C(=O)NCC2=CC=C(C=C2)C(=O)NC3=C(C=C(C=C3)F)N,12136798,0.253333333,Active,1,3
587,CCC(=O)CCCCCC(C1=NC=C(N1)C2=CC=CC=C2)NC(=O)CC3=C(NC4=C3C=C(C=C4)OC)C,11700059,0.059,Active,1,1
588,CC1=C(C2=C(N1)C=CC(=C2)OC)CC(=O)NC(CCCCCC(=O)N)C3=NC=C(N3)C4=CC5=CC=CC=C5C=C4,11657529,0.16,Active,1,1
589,CCC(=O)CCCCCC(C1=NC=C(N1)C2=CC3=CC=CC=C3N=C2OC)NC(=O)C4CN(C4)C,11556677,0.387,Active,1,5
590,CN1C=C(C2=CC=CC=C21)CNCC3CCN(CC3)C4=NC=C(C=N4)C(=O)NO,11538455,0.00216,Active,1,2
591,C1=CC=C(C=C1)NC(=O)C2=CC=C(C=C2)C(=O)NO,11514394,0.321,Active,1,1
592,C1=CSC(=C1)C2=CC(=C(C=C2)N)NC(=O)C3=CC4=NC=CN=C4C=C3,11393847,0.2,Active,1,1
593,C1=CC=C(C(=C1)N)NC(=O)C2=CC=C(C=C2)CSC3=NC=CC(=N3)C(F)(F)F,10135838,0.441,Active,1,1
594,C1=CC=C2C(=C1)C=C(C=N2)NC(=O)C(CCCCCN(C=O)O)C(=O)NC3=CC4=CC=CC=C4N=C3,9891541,0.2,Active,1,1
595,C1=CC=C(C=C1)NC(=O)CCCCCCC(=O)C(F)(F)F,9882812,1.4,Active,0,1
596,C1=CC2=C(C=CC(=C2)NC(=O)C(CCCCCN(C=O)O)C(=O)NC3=CC4=C(C=C3)N=CC=C4)N=C1,9848223,0.27,Active,1,1
597,CC(=O)NC1=CC=C(C=C1)C(=O)NC2=C(C=CC(=C2)C3=CC=CS3)N,6918878,0.166666667,Active,1,3
598,CC(C)C(C1=CC=CC=C1)C(=O)NC2=CC=C(C=C2)C(=O)NO,6918801,0.044,Active,1,1
599,C1=CC=C(C=C1)NS(=O)(=O)C2=CC=CC(=C2)C=CC(=O)NO,6918638,0.493,Active,1,5
600,CCC(C)C1C(=O)N2CCCCC2C(=O)NC(C(=O)NC(C(=O)N1)CC3=CN(C4=CC=CC=C43)OC)CCCCCC(=O)CC,6918328,0.001,Active,1,1
601,C1C(OC(OC1C2=CC=C(C=C2)CO)C3=CC=C(C=C3)NC(=O)CCCCCCC(=O)NO)CSC4=NC(=C(O4)C5=CC=CC=C5)C6=CC=CC=C6,6675804,3.265,Active,0,2
602,C1=CC=C2C(=C1)C(=CN2)CCN(CCO)CC3=CC=C(C=C3)C=CC(=O)NO,6445533,0.007,Active,1,1
603,C1=CC=C(C=C1)/C=C/C(=O)NO,5355635,0.457,Active,1,1
604,C1=CC=C(C=C1)CCC(=O)NO,4118131,2.72,Active,0,1
605,CC1=CC=C(C=C1)C2=NN(C=C2C=CC(=O)NC3=CC=C(C=C3)Cl)C4=CC=CC=C4,2423687,5.86,Active,0,1
606,COC1=CC=C(C=C1)C2=NN(C=C2C=CC(=O)NC3=CC=C(C=C3)OC)C4=CC=CC=C4,2295078,3.02,Active,0,1
607,CC1=CC=C(C=C1)C2=NN(C=C2C=CC(=O)NC3=CC=C(C=C3)OC)C4=CC=CC=C4,2175719,6.45,Active,0,1
608,CC1=CC=C(C=C1)C2=NN(C=C2C=CC(=O)NC3=CC=CC=C3)C4=CC=CC=C4,2173124,8.75,Active,0,1
609,COC1=CC=C(C=C1)C(=O)NC2=CC=CC=C2N,785232,0.9,Active,1,1
610,C1=CC=C(C=C1)C(=O)NC2=CC=CC=C2N,759408,6.55,Active,0,2
611,CC(C=C(C)C=CC(=O)NO)C(=O)C1=CC=C(C=C1)N(C)C,444732,0.03326,Active,1,9
612,CCCC(=O)NO,419176,9,Active,0,1
613,C1=CC=C(C=C1)CCCC(=O)NO,279980,0.6,Active,1,1
614,C1=CC=C(C(=C1)N)NC(=O)C2=CC=C(C=C2)CNC(=O)OCC3=CN=CC=C3,4261,0.577625806,Active,1,31
615,CC(=O)NC1=CC=C(C=C1)C(=O)NC2=CC=CC=C2N,2746,1.753,Active,0,9
616,C1CC2=CC=CC=C2N(C3=C1C=CC(=C3)Cl)CCCNCC4=CC=C(C=C4)C(=O)NO,156012912,0,Inactive,0,1
617,C1=CC=C(C=C1)C[C@@H](C(=O)O)N2C(=C(N=N2)C3=CC=CC=C3)C#CC4=CC=CC=C4,155555613,0,Inactive,0,1
618,C1CC2=CC=CC=C2N(C3=C1C=CC(=C3)Cl)CCCNC(=O)CCC(=O)NO,156018870,0,Inactive,0,1
619,C1CC2=CC=CC=C2N(C3=C1C=CC(=C3)Cl)CCCNC(=O)CCCCCCC(=O)NO,156011963,0,Inactive,0,1
620,COC(=O)[C@H](CC1=CC=CC=C1)N2C(=C(N=N2)C3=CC=CC=C3)C#CC4=CC=CC=C4,6917365,0,Inactive,0,1
621,C1=CC=C(C=C1)C[C@@H](C(=O)NO)N2C=C(N=N2)C3=CC=CC=C3,155512415,0,Inactive,0,1
622,C1CC2=CC=CC=C2N(C3=C1C=CC(=C3)Cl)CCCNS(=O)(=O)C4=CC=C(C=C4)/C=C/C(=O)NO,156021102,0,Inactive,0,1
623,C1=CC=C(C=C1)C[C@H](C(=O)NO)N2C(=C(N=N2)C3=CC=CC=C3)C#CC4=CC=CC=C4,155557270,20,Inactive,0,1
624,COC(=O)[C@H](CC1=CC=CC=C1)N2C(=C(N=N2)C3=CC=CC=C3)C#CC4=CC=CC=C4,6917365,0,Inactive,0,1
625,COC1=CC=CC(=C1)C2=CC(=C(C=C2)N)NC(=O)C3=CC=CC=C3,46887438,2.35,Active,0,2
626,C1=CC(=CC=C1N2N=CC(=N2)[C@H](CCCCCC(=O)C3=NOC=C3)N)F,156017747,1.8405,Active,0,2
627,C1COCCN1C2=CC=C(C=C2)NC3=NC=CC(=N3)C4=CC=C(C=C4)C(=O)NO,145958641,1.704,Active,0,1
628,CC(C1=CC=C(C=C1)C(=O)NC2=CC=CC=C2N)NC3=CC=CC=C3,155555330,4.2,Active,0,1
629,CCC(=O)CCCCC[C@@H](C1=C(N=C(N1)C2=CC=C(C=C2)F)C#N)NC(=O)C3CN(C3)C,162654809,1.250666667,Active,0,3
630,C1=CC=C(C=C1)CCC(=O)NO,4118131,2.72,Active,0,1
631,CN(C)C1=CC=C(C=C1)C(=O)N(CCCCCC(=O)NC2=CC=CC=C2N)CC(=O)NCC3=CC=CC=C3,155514532,1.24,Active,0,1
632,CCCCCCCC(=O)SCCC=C(C1CC(=O)NCC2=NC(=CS2)C3=NC(CS3)(C(=O)NC(C(=O)O1)C(C)C)C)F,155538765,1.817,Active,0,1
633,COC1=CC=C(C=C1)NC(=O)C=CC2=CN(N=C2C3=CC=C(C=C3)[N+](=O)[O-])C4=CC=CC=C4,70686232,1.15,Active,0,1
634,B1(O[C@@H]2[C@@H]3C[C@@H](C3(C)C)C[C@@]2(O1)C)[C@H](CC(C)C)NC(=O)[C@H](CC4=CC=CC=C4)NC(=O)C5=CC=C(C=C5)C(=O)NC6=CC=CC=C6N,155525782,3.695,Active,0,2
635,C1=CC=C(C=C1)CC(=O)NC2=CN=C(C=C2)C(=O)NC3=C(C=C(C=C3)F)N,142489323,2,Active,0,1
636,C1[C@@H]([C@@H]1C(=O)NC2=CC=C(C=C2)C(=O)NC3=C(C=C(C=C3)F)N)C4=CC=CC=C4,139325532,2.1,Active,0,1
637,CN(C)C1=CC=CC2=C1C=CC=C2S(=O)(=O)N(CC3=CC=C(C=C3)C(=O)NO)CC(=O)NCC4=CC=CC=C4,155526258,3.5,Active,0,1
638,COC1=CC=C(C=C1)C2=NOC(=N2)CCCCCCC(=O)C(F)(F)F,46187890,4.53,Active,0,1
639,C1=CC=C(C=C1)C[C@@H](C(=O)NO)N2C=C(N=N2)C3=CC=CC=C3,155512415,0,Inactive,0,1
640,C1=CC=C(C=C1)CNC(=O)CN(CCCCCC(=O)NC2=CC=CC=C2N)C(=O)C3=CC=CC4=CC=CC=C43,155564587,1.9,Active,0,1
641,CC(C)[C@H](C1=CC=CC=C1)C(=O)NC2=NC=C(C=C2)C(=O)NC3=C(C=C(C=C3)F)N,139325820,8.4,Active,0,1
642,C1=CC=C2C(=C1)N(C3=CC=CC=C3S2)CC4=NC=C(C=C4)C(=O)NO.Cl,164617135,1.962,Active,0,1
643,C1CC2=CC=CC=C2N(C3=C1C=CC(=C3)Cl)CCCNC(=O)CCCCCCCC(=O)NO,156016469,2.74,Active,0,1
644,CC1=CC=C(C=C1)C2=NN(C=C2C=CC(=O)NC3=CC=C(C=C3)OC)C4=CC=CC=C4,2175719,6.45,Active,0,1
645,CC(C)[C@H](C1=CC=CC=C1)C(=O)NC2=CN=C(C=C2)C(=O)NC3=C(C=C(C=C3)F)N,137353123,1.1,Active,0,1
646,COC1=NC2=CC=CC=C2C=C1C3=CN=C(N3)[C@H](CCCCCC(=O)C4=NC=CN4)N,156013864,4.9,Active,0,1
647,CN1C(=NN=C1SCCCCCC(=O)O)C2=CC=NC=C2,164614861,7.36,Active,0,1
648,CCCC(=O)NO,419176,9,Active,0,1
649,CCCCN(CC1=CC=C(C=C1)C(=O)NO)C(=O)C2=NC=C3C(=C2)C4=CC=CC=C4N3,145993768,2.69,Active,0,1
650,CC[C@@H](C1=NC2=C(C(=CC=C2)NCC3=CC=C(C=C3)C(=O)NO)C(=O)N1C4=CC=CC=C4)NC5=NC=NC6=C5NC=N6,142506189,7.173,Active,0,1
651,C1=CC(=CC=C1CCC(=O)NO)C2=CC=C(C=C2)O,42630929,1.7,Active,0,1
652,C1CC2=CC=CC=C2N(C3=C1C=CC(=C3)Cl)CCCNCC4=CC=C(C=C4)/C=C/C(=O)NO,156014407,6.62,Active,0,1
653,C1=CC=C2C(=C1)C=CC=C2NC(=O)CCCCCCCN(C=O)O,44359555,5.9,Active,0,1
654,CCCCOC1=CC=C(C=C1)C(=O)NOCC2=CC=C(C=C2)/C=C/C(=O)NO,155542624,5.3,Active,0,2
655,CC1=CC=C(C=C1)C2=CC(=NN2CC3=CC=C(C=C3)C(=O)NO)C(F)(F)F,145969996,1.216,Active,0,1
656,B1(O[C@@H]2[C@@H]3C[C@@H](C3(C)C)C[C@@]2(O1)C)[C@H](CC(C)C)NC(=O)[C@H](CC4=CC=CC=C4)NC(=O)C5=CC=C(C=C5)C(=O)NO,155525899,3.3,Active,0,1
657,C1CC2=CC=CC=C2N(C3=C1C=CC(=C3)Cl)CCCNS(=O)(=O)C4=CC=C(C=C4)/C=C/C(=O)NO,156021102,0,Inactive,0,1
658,C1=CC=C(C=C1)C[C@H](C(=O)NO)N2C(=C(N=N2)C3=CC=CC=C3)C#CC4=CC=CC=C4,155557270,20,Inactive,0,1
659,C=CC1=CC=C(C=C1)C2=CC(=C(C=C2)N)NC(=O)C3=CC=CC=C3,46887334,2.9,Active,0,2
660,B1(O[C@@H]2[C@@H]3C[C@@H](C3(C)C)C[C@@]2(O1)C)[C@H](CC(C)C)NC(=O)[C@H](CC4=CNC5=CC=CC=C54)NC(=O)C6=CC(=CC=C6)C(=O)NO,155529223,1.43,Active,0,1
661,CC1=CC(=CC=C1)C2=CC(=C(C=C2)N)NC(=O)C3=CC=CC=C3,46887381,5.15,Active,0,2
662,CC1=C(C2=CC=CC=C2N1)CC(=O)NOCC3=CC=C(C=C3)/C=C/C(=O)NO,155549392,1.885,Active,0,2
663,C1=CC=C(C=C1)C(=O)NC2=C(C=CC(=C2)C3=CC4=CC=CC=C4S3)N,46887335,10,Active,0,2
664,CC1=CC(=CC(=C1)C(=O)N(CCCCCC(=O)NC2=CC=CC=C2N)CC(=O)NC3CCCCC3)C,155524660,6.66,Active,0,1
665,C1CC2=CC=CC=C2N(C3=C1C=CC(=C3)Cl)CCCNC(=O)CCCCC(=O)NO,156020492,9.62,Active,0,1
666,CC(C)[C@H](C1=CC=CC=C1)C(=O)NC2=CC=C(C=C2)C(=O)NC3=C(C=C(C=C3)F)N,142489314,1.8,Active,0,1
667,C1=CC(=CC=C1CNCC2=NC(=NO2)C3=CC=C(C=C3)[N+](=O)[O-])C(=O)NO,46190609,9.23,Active,0,1
668,COC1=CC=C(C=C1)S(=O)(=O)NC2=CC=CC=C2CCC3=CC=C(C=C3)C(=O)NC4=C(C=CC(=C4)F)N,162656120,9.08,Active,0,1
669,CCCNNC(=O)C1=CC=CC(=C1)CNCCC2=C(NC3=CC=CC=C32)C.C(=O)(C(F)(F)F)O,155516139,4.942,Active,0,1
670,C1=CC=C(C(=C1)C2=NOC(=N2)CCCCCCC(=O)C(F)(F)F)Cl,46187887,1.58,Active,0,1
671,C1=CC(=CC=C1C2=NOC(=N2)CCCCCCC(=O)C(F)(F)F)C(F)(F)F,46187889,2.79,Active,0,1
672,CC(=O)NC1=CC=C(C=C1)C(=O)NC2=CC=CC=C2N,2746,1.753,Active,0,9
673,C1C(C1NCC2=CC=C(C=C2)C(=O)NO)C3=CC=CC=C3,132137973,3.103,Active,0,1
674,CCNC(=O)NOCC1=CC=C(C=C1)/C=C/C(=O)NO,155518725,6.85,Active,0,1
675,C1=CC=C(C=C1)C(=O)CCCCCC(=O)NC2=CC=CC=C2N,155558642,3.7,Active,0,1
676,C1=CC(=CC=C1CC(=O)NC2=CC=C(C=C2)C(=O)NC3=C(C=C(C=C3)F)N)F,142489316,2.7,Active,0,1
677,C[C@@H](C1=CC=CC=C1)C(=O)NC2=CN=C(C=C2)C(=O)NC3=C(C=C(C=C3)F)N,142489342,2,Active,0,1
678,CCCCN(CCC)NC(=O)C=CC1=CC=C(C=C1)CNCCC2=C(NC3=CC=CC=C32)C.C(=O)(C(F)(F)F)O,155527290,3.222,Active,0,1
679,CCCN(CC)NC(=O)C=CC1=CC=C(C=C1)CNCCC2=C(NC3=CC=CC=C32)C.C(=O)(C(F)(F)F)O,155537405,8.071,Active,0,1
680,COC1=CC=C(C=C1)C2=NN(C=C2C=CC(=O)NC3=CC=C(C=C3)Br)C4=CC=CC=C4,70696631,2.17,Active,0,1
681,CN1CCC(CC1)C(=O)N[C@@H](CCCCCC(=O)C2=NC=CS2)C3=NC=C(N3)C4=CC=C(C=C4)F,155925141,1.412,Active,0,2
682,C1=CC(=CC=C1CNCC2=NC(=NO2)C3=CC=C(C=C3)Cl)C(=O)NO,46190557,8.52,Active,0,1
683,C1CC(=O)N(CC(OC(=O)CCC=C1)C2=CC=CC=C2)CC3=CC(=CC=C3)C=NNC(=O)C4=CC(=CC=C4)C(=O)NO,23760408,5,Active,0,1
684,C1=CC(=CC(=C1)[N+](=O)[O-])C2=NOC(=N2)CCCCCCC(=O)NO,46190822,1.56,Active,0,1
685,CCC(=O)CCCCC[C@@H](C1=C(N=C(N1)C2=CC=C(C=C2)F)C#N)NC(=O)C34CCN(CC3)CC4,162646027,1.321633333,Active,0,3
686,C1=CC=C(C=C1)N2C=C(C(=N2)C3=CC=C(C=C3)Br)C=CC(=O)NC4=CC=C(C=C4)Br,70681968,4.87,Active,0,1
687,CN1CC(C1)C(=O)N[C@@H](CCCCCC(=O)C2=NOC=C2)C3=NN=C(O3)C4=CC=CC=C4F,146317278,1.1005,Active,0,2
688,C1=CC=C2C(=C1)C(=C3C=CC=CC3=N2)NC4=CC=C(C=C4)CC(=O)NO,162656816,2.07,Active,0,1
689,CN1C(=NN=C1SCC2=CC=C(C=C2)C(=O)NO)C3=CC=NC=C3,164617449,4.35,Active,0,1
690,C1=CSC(=C1)C2=NOC(=N2)CCCCCCC(=O)C(F)(F)F,46187719,1.63,Active,0,1
691,CC[C@@H](C1=CC=CC=C1)C(=O)NC2=CC=C(C=C2)C(=O)NC3=C(C=C(C=C3)F)N,142489313,4.8,Active,0,1
692,CC[C@H](C)[C@H]1C(=O)N2CCCC[C@@H]2C(=O)N[C@@H](C(=O)N[C@@H](C(=O)N1)CC3=CN(C4=CC=CC=C43)OC)CCCCCC(=O)CC,164619879,1.52975,Active,0,4
693,C1=CC=C(C=C1)CCC(=O)NC2=CC=C(C=C2)C(=O)NC3=C(C=C(C=C3)F)N,142489322,1.1,Active,0,1
694,C1CCC(CC1)NC(=O)CN(CCCCCC(=O)NC2=CC=CC=C2N)C(=O)C3=CC=CC4=CC=CC=C43,155541992,5.38,Active,0,1
695,C1=CC=C(C=C1)C(=O)NC2=C(C=CC(=C2)C3=CC=C(C=C3)C(F)(F)F)N,46887476,3.8,Active,0,1
696,C1=CC=C2C(=C1)N(C3=C(S2=O)C=CC(=C3)C(=O)N)CC4=CC=C(C=C4)C(=O)NO,164616061,1.69,Active,0,1
697,COC1=CC=C(C=C1)C2=NN(C=C2C=CC(=O)NC3=CC=CC=C3)C4=CC=CC=C4,70694590,2.67,Active,0,1
698,CC1=C2C=CC(=CC2=NN1C)N(C)C3=NC(=NC=C3)NC4=CC=C(C=C4)C(=O)NCCCCCCCC(=O)NC5=CC=CC=C5N,141504704,4.98,Active,0,2
699,CC1=C2C=CC(=CC2=NN1C)N(C)C3=NC(=NC=C3)NC4=CC=C(C=C4)C=CC(=O)NO,137487429,3.35,Active,0,2
700,C1=CC=C(C(=C1)N)NC(=O)C2=CC=C(C=C2)CNCC3=NC(=NO3)C4=CC=CS4,118735153,4.39,Active,0,1
701,CC(=O)C1=CC=C(C=C1)C2=CC(=C(C=C2)N)NC(=O)C3=CC=CC=C3,46887380,4.4,Active,0,2
702,C1=CC=C(C=C1)C2=NOC(=N2)CCCCCCC(=O)NO,46190753,1.17,Active,0,1
703,CN(C)CC1=CN(C2=CC=CC=C21)CC3=CC=C(C=C3)C(=O)NO,137634156,6.30957,Active,0,1
704,CCCC[C@@H](C1=NC=C(N1)C2=CC3=CC=CC=C3N=C2OC)NC(=O)CC4=CNC5=CC=CC=C54,164625922,2.7,Active,0,1
705,CN(CC1=CC=C(C=C1)C(=O)NO)C(=O)C2=NC=C3C(=C2)C4=CC=CC=C4N3,145988992,5.63,Active,0,1
706,CCC(=O)CCCCC[C@@H](C1=NC=C(N1)C2=CC(=O)N(CC2)C)NC(=O)[C@H]3CC34CCN(CC4)C,162654159,1.625,Active,0,2
707,C1=CC=C(C(=C1)N)NC(=O)C2=CC=C(C=C2)CN3C=CC4=C3N=C(N=C4Cl)Cl,162665210,6.51,Active,0,1
708,CC1=CC=C(C=C1)C2=NN(C=C2C=CC(=O)NC3=CC=C(C=C3)Cl)C4=CC=CC=C4,2423687,5.86,Active,0,1
709,C(CCCC(=O)NO)CCC(=O)NCC1C2C(C(C(O1)OC3C(OC(C(C3O)O)OC4C(OC(C(C4O)O)OC5C(OC(C(C5O)O)OC6C(OC(C(C6O)O)OC7C(OC(C(C7O)O)OC8C(OC(O2)C(C8O)O)CO)CO)CO)CO)CO)CO)O)O,71624738,1.2,Active,0,1
710,CC(C)[C@@H](C1=CC=CC=C1)C(=O)NC2=CN=C(C=C2)C(=O)NC3=C(C=C(C=C3)F)N,142489318,2.5,Active,0,1
711,CN1C=NC=C1C2=CN(C3=CC=CC=C32)CC4=CC=C(C=C4)C(=O)NO,155551057,3.16228,Active,0,1
712,C1=CC=C(C=C1)C(=O)NCCCCC(=O)NC2=CC=CC=C2N,155547009,8.1,Active,0,1
713,CCN(CC1=CC=C(C=C1)C(=O)NO)C(=O)C2=NC=C3C(=C2)C4=CC=CC=C4N3,145990399,4.78,Active,0,1
714,C1C(OC(OC1C2=CC=C(C=C2)CO)C3=CC=C(C=C3)NC(=O)CCCCCCC(=O)NO)CSC4=NC(=C(O4)C5=CC=CC=C5)C6=CC=CC=C6,6675804,3.265,Active,0,2
715,C1=CC=C(C=C1)N(CCO)C(=O)CC2=CC=C(C=C2)C(=O)NO,71532921,4.4,Active,0,1
716,C1CC(=O)NC(=O)C1N2C(=O)C3=C(C2=O)C(=CC=C3)NCCCC(=O)NC4=CC=C(C=C4)C(=O)NC5=CC=CC=C5N,162656162,1.2,Active,0,1
717,C1CCC(=CC1)C(=O)NO,20459443,1.05,Active,0,1
718,C1=CC=C2C(=C1)N(C3=C(S2=O)C=CC(=C3)C(F)(F)F)CC4=CC=C(C=C4)C(=O)NO,164627475,2.12,Active,0,1
719,CCCC[C@@H](C1=NC=C(N1)C2=CC3=CC=CC=C3N=C2OC)NC(=O)[C@H](CN)C4=C(NC5=C4C=C(C=C5)OC)C,164627330,2.00525,Active,0,4
720,CCCC[C@@H](C1=NC=C(N1)C2=CC3=CC=CC=C3N=C2OC)NC(=O)CC4=CNC5=CC=CC=C54,164625922,2.7,Active,0,1
721,CCC[C@@H](C1=NC=C(N1)C2=CC3=CC=CC=C3N=C2OC)NC(=O)C4CN(C4)C,164625443,3.4,Active,0,1
722,C1=CC=C(C=C1)N2C(=NN=C2SCC3=CC=C(C=C3)C(=O)NC4=CC=CC=C4N)C5=CC=NC=C5,164623524,8.39,Active,0,1
723,C=CCN1C(=NN=C1SCCCCCC(=O)NC2=CC=CC=C2N)C3=CC=NC=C3,164621002,1.4,Active,0,1
724,CC[C@H](C)[C@H]1C(=O)N2CCCC[C@@H]2C(=O)N[C@@H](C(=O)N[C@@H](C(=O)N1)CC3=CN(C4=CC=CC=C43)OC)CCCCCC(=O)CC,164619879,1.52975,Active,0,4
725,CSC1=CC2=C(C=C1)S(=O)C3=CC=CC=C3N2CC4=CC=C(C=C4)C(=O)NO,164619071,1.68,Active,0,1
726,CN1C(=NN=C1SCC2=CC=C(C=C2)C(=O)NO)C3=CC=NC=C3,164617449,4.35,Active,0,1
727,C1=CC=C2C(=C1)N(C3=CC=CC=C3S2)CC4=NC=C(C=C4)C(=O)NO.Cl,164617135,1.962,Active,0,1
728,C1=CC=C2C(=C1)N(C3=C(S2=O)C=CC(=C3)C(=O)N)CC4=CC=C(C=C4)C(=O)NO,164616061,1.69,Active,0,1
729,C=CCN1C(=NN=C1SCC2=CC=C(C=C2)C(=O)NC3=CC=CC=C3N)C4=CC=NC=C4,164615117,1.28,Active,0,1
730,CN1C(=NN=C1SCCCCCC(=O)O)C2=CC=NC=C2,164614861,7.36,Active,0,1
731,C1=CC=C(C=C1)CC2C(=O)N(C(=O)N2CC3=CC=C(C=C3)Cl)CC4=CC=C(C=C4)C(=O)NO,164613902,8.2639,Active,0,2
732,C1C(=O)N(C(=O)N1CC2=CC=C(C=C2)Cl)CC3=CC=C(C=C3)C(=O)NO,164613482,1.082,Active,0,2
733,COC1=CC2=C(C=C1)S(=O)C3=CC=CC=C3N2CC4=CC=C(C=C4)C(=O)NO,164611961,1.93,Active,0,1
734,CCC1=C(C2=CC3=C(C(=C(N3)C=C4C(C(C(=N4)C(=C5C(=C(C(=N5)C=C1N2)C)C(=O)OC)C(=O)OC)CCC(=O)NC6=CC=C(C=C6)C(=O)NC7=CC=CC=C7N)C)C)C=C)C,164611754,2.65,Active,0,1
735,C/C(=N\O)/C1=CC2=C(C=C1)S(=O)C3=CC=CC=C3N2CC4=CC=C(C=C4)C(=O)NO,164609512,1.62,Active,0,1
736,C1=CC=C(C=C1)N2C(=NN=C2SCC3=CC=C(C=C3)C(=O)NO)C4=CC=NC=C4,164609075,9.76,Active,0,1
737,CCC(=O)CCCCC[C@@H](C1=NC=C(N1)C2=C(C=CC(=C2F)F)OC)NC(=O)[C@H]3CC34CCN(CC4)CC,162676857,1.553,Active,0,1
738,C1=CC=C(C=C1)C2=C(C(=O)N(N2)C3=NC(=CS3)C4=CC=C(C=C4)C(=O)NCC5=CC=C(C=C5)/C=C/C(=O)NO)N=NC6=NC=CS6,162669606,1.3415,Active,0,1
739,C1=CC=C(C(=C1)N)NC(=O)C2=CC=C(C=C2)CN3C=NC4=C(N=C(N=C43)Cl)NC5=CC(=C(C=C5)F)Cl,162666240,3.78,Active,0,1
740,C1=CC=C(C(=C1)N)NC(=O)C2=CC=C(C=C2)CN3C=CC4=C3N=C(N=C4Cl)Cl,162665210,6.51,Active,0,1
741,C1=CC=C(C(=C1)N)NC(=O)C2=CC=C(C=C2)CN3C=CC4=C(N=C(N=C43)N)NC5=CC(=C(C=C5)F)Cl,162664149,1.46,Active,0,1
742,C1CC(=O)NC(=O)C1N2C(=O)C3=C(C2=O)C(=CC=C3)NCC(=O)NCCCC(=O)NC4=CC=C(C=C4)C(=O)NC5=CC=CC=C5N,162662724,1.5,Active,0,1
743,COC1=CC(=C(C=C1)C(=O)NCCCC[C@@H](C2=NC=C(N2)C3=CC4=CC=CC=C4C=C3)NC(=O)C5=CN=CS5)O,162661061,1.9,Active,0,1
744,C1CC(=O)NC(=O)C1N2C(=O)C3=C(C2=O)C(=CC=C3)NCCCCC(=O)NC4=CC=C(C=C4)C(=O)NC5=CC=CC=C5N,162660382,1,Active,0,1
745,C1=CC=C(C=C1)COC2=CC3=C(C4=CC=CC=C4N=C3C=C2)NC5=CC=C(C=C5)C(=O)NO,162659066,3.5,Active,0,1
746,COC1=CC=CC=C1C(=O)NCCCC[C@@H](C2=NC=C(N2)C3=CC4=CC=CC=C4C=C3)NC(=O)C5=CN=CS5,162658937,7.7,Active,0,1
747,C1=CC=C2C(=C1)C(=C3C=CC=CC3=N2)NC4=CC=C(C=C4)CC(=O)NO,162656816,2.07,Active,0,1
748,C1CC(=O)NC(=O)C1N2C(=O)C3=C(C2=O)C(=CC=C3)NCCCC(=O)NC4=CC=C(C=C4)C(=O)NC5=CC=CC=C5N,162656162,1.2,Active,0,1
749,COC1=CC=C(C=C1)S(=O)(=O)NC2=CC=CC=C2CCC3=CC=C(C=C3)C(=O)NC4=C(C=CC(=C4)F)N,162656120,9.08,Active,0,1
750,CCC(=O)CCCCC[C@@H](C1=C(N=C(N1)C2=CC=C(C=C2)F)C#N)NC(=O)C3CN(C3)C,162654809,1.250666667,Active,0,3
751,CCC(=O)CCCCC[C@@H](C1=NC=C(N1)C2=CC(=O)N(CC2)C)NC(=O)[C@H]3CC34CCN(CC4)C,162654159,1.625,Active,0,2
752,COC1=CC=C(C=C1)S(=O)(=O)NC2=CC=CC=C2NCC3=CC=C(C=C3)C(=O)NC4=CC=CC=C4N,162651670,1.47,Active,0,1
753,C[C@]12CC[C@](C[C@H]1C3=CC(=O)[C@H]4[C@]([C@@]3(CC2)C)(CC[C@@H]5[C@@]4(C=C(C(=O)C5(C)C)C#N)C)C)(C)C(=O)N6CCN(CC6)C7=CC=C(C=C7)NC(=O)CCCCCCC(=O)NO,162651274,4.83,Active,0,1
754,CCC(=O)CCCCC[C@@H](C1=C(N=C(N1)C2=CC=C(C=C2)F)C#N)NC(=O)C34CCN(CC3)CC4,162646027,1.321633333,Active,0,3
755,CCC(=O)CCCCC[C@@H](C1=C(N=C(N1)C2=CC=C(C=C2)F)C#N)NC(=O)C3=NOC=C3,162644726,1.149333333,Active,0,3
756,C1CN(CCC1CN[C@H]2C[C@@H]2C3=CC=CC=C3)CCCC4=CC=C(C=C4)C(=O)NO,162640823,3.95,Active,0,1
757,C1CC2=CC=CC=C2N(C3=C1C=CC(=C3)Cl)CCCNS(=O)(=O)C4=CC=CC(=C4)/C=C/C(=O)NO,156022065,8.48,Active,0,1
758,C1CC2=CC=CC=C2N(C3=C1C=CC(=C3)Cl)CCCNC(=O)CCCCC(=O)NO,156020492,9.62,Active,0,1
759,CN(C)S(=O)(=O)C1=CC=C(C2=NON=C12)NCCCCCNC(=O)NCC(=O)NO,156018697,7.58,Active,0,1
760,C1=CC(=CC=C1N2N=CC(=N2)[C@H](CCCCCC(=O)C3=NOC=C3)N)F,156017747,1.8405,Active,0,2
761,C1CC2=CC=CC=C2N(C3=C1C=CC(=C3)Cl)CCCNC(=O)CCCCCCCC(=O)NO,156016469,2.74,Active,0,1
762,C1CC2=CC=CC=C2N(C3=C1C=CC(=C3)Cl)CCCNC(=O)C4=CC=C(C=C4)C(=O)NO,156015873,8.62,Active,0,1
763,C1CC2=CC=CC=C2N(C3=C1C=CC(=C3)Cl)CCCNCC4=CC=C(C=C4)/C=C/C(=O)NO,156014407,6.62,Active,0,1
764,C1CC2=CC=CC=C2N(C3=C1C=CC(=C3)Cl)CCCNC(=O)CCCCCC(=O)NO,156014152,3.96,Active,0,1
765,COC1=NC2=CC=CC=C2C=C1C3=CN=C(N3)[C@H](CCCCCC(=O)C4=NC=CN4)N,156013864,4.9,Active,0,1
766,COC(=O)C1=C(C2=CC=CC=C2C=C1)OCCCCCCCC(=O)NC3=CC=CC=C3N,155540466,8.14,Active,0,1
767,CCCCCCCC(=O)SCCC=C(C1CC(=O)NCC2=NC(=CS2)C3=NC(CS3)(C(=O)NC(C(=O)O1)C(C)C)C)F,155538765,1.817,Active,0,1
768,CCCN(CC)NC(=O)C=CC1=CC=C(C=C1)CNCCC2=C(NC3=CC=CC=C32)C.C(=O)(C(F)(F)F)O,155537405,8.071,Active,0,1
769,CN(C)CC1=NN(C2=CC=CC=C21)CC3=CC=C(C=C3)C(=O)NO,155534222,7.94328,Active,0,1
770,CC1=CC(=CC(=C1)C(=O)N(CCCCCC(=O)NC2=CC=CC=C2N)CC(=O)NCC3=CC=CC=C3)C,155531533,1.6,Active,0,1
771,CCCCCN(CCC)NC(=O)C=CC1=CC=C(C=C1)CNCCC2=C(NC3=CC=CC=C32)C.C(=O)(C(F)(F)F)O,155530932,7.316,Active,0,1
772,C1CCC(CC1)NC(=O)CN(CCCCCC(=O)NC2=CC=CC=C2N)C(=O)C3=CC=CC=C3,155529690,5.95,Active,0,1
773,C1=CC=C(C=C1)C(=O)NOCC2=CC=C(C=C2)/C=C/C(=O)NO,155529646,1.05,Active,0,2
774,B1(O[C@@H]2[C@@H]3C[C@@H](C3(C)C)C[C@@]2(O1)C)[C@H](CC(C)C)NC(=O)[C@H](CC4=CNC5=CC=CC=C54)NC(=O)C6=CC(=CC=C6)C(=O)NO,155529223,1.43,Active,0,1
775,CCCCN(CCC)NC(=O)C=CC1=CC=C(C=C1)CNCCC2=C(NC3=CC=CC=C32)C.C(=O)(C(F)(F)F)O,155527290,3.222,Active,0,1
776,CN(C)C1=CC=CC2=C1C=CC=C2S(=O)(=O)N(CC3=CC=C(C=C3)C(=O)NO)CC(=O)NCC4=CC=CC=C4,155526258,3.5,Active,0,1
777,B1(O[C@@H]2[C@@H]3C[C@@H](C3(C)C)C[C@@]2(O1)C)[C@H](CC(C)C)NC(=O)[C@H](CC4=CC=CC=C4)NC(=O)C5=CC=C(C=C5)C(=O)NO,155525899,3.3,Active,0,1
778,B1(O[C@@H]2[C@@H]3C[C@@H](C3(C)C)C[C@@]2(O1)C)[C@H](CC(C)C)NC(=O)[C@H](CC4=CC=CC=C4)NC(=O)C5=CC=C(C=C5)C(=O)NC6=CC=CC=C6N,155525782,3.695,Active,0,2
779,CC1=CC(=CC(=C1)C(=O)N(CCCCCC(=O)NC2=CC=CC=C2N)CC(=O)NC3CCCCC3)C,155524660,6.66,Active,0,1
780,CC1=CC=C(C=C1)CNC(=O)CN(CCCCCC(=O)NC2=CC=CC=C2N)C(=O)C3=CC(=CC(=C3)C)C,155521965,5.03,Active,0,1
781,CN(C)C1=CC=C(C=C1)C(=O)N(CCCCCC(=O)NC2=C(C=CC(=C2)F)N)CC(=O)NCC3=CC=CC=C3,155521822,3.06,Active,0,1
782,CCNC(=O)NOCC1=CC=C(C=C1)/C=C/C(=O)NO,155518725,6.85,Active,0,1
783,CC1=CC(=C(C(=C1)C)NC(=O)NOCC2=CC=C(C=C2)/C=C/C(=O)NO)C,155517042,3.25,Active,0,2
784,CCCNNC(=O)C1=CC=CC(=C1)CNCCC2=C(NC3=CC=CC=C32)C.C(=O)(C(F)(F)F)O,155516139,4.942,Active,0,1
785,C1CN=C2C3=C(C=CC=C3I)SC(=S)N2C1,155515864,8.1,Active,0,1
786,CN(C)C1=CC=C(C=C1)C(=O)N(CCCCCC(=O)NC2=CC=CC=C2N)CC(=O)NCC3=CC=CC=C3,155514532,1.24,Active,0,1
787,C1=CC=C(C=C1)NC(=O)C2=CC=C(C=C2)C(=O)NC3=CC=CC=C3N,155514314,5.4,Active,0,1
788,C1=CC=C2C=C(C=CC2=C1)C(=O)NOCC3=CC=C(C=C3)/C=C/C(=O)NO,155513254,2.375,Active,0,2
789,C1=CC=C2C(=C1)C(=C3C=CC(=CC3=C2O)C(=O)N=O)O,147254231,4.618,Active,0,1
790,C1=CC=C(C=C1)CN2C(=NN=N2)CN(CC3=CC=C(C=C3)C(=O)NO)C(=O)C4=CC=CC=C4C(F)(F)F,146680839,2.26,Active,0,1
791,CN1CC(C1)C(=O)N[C@@H](CCCCCC(=O)C2=NOC=C2)C3=NN=C(O3)C4=CC=CC=C4F,146317278,1.1005,Active,0,2
792,CC1=C2C(=CC(=N1)C(=O)N(C)CC3=CC=C(C=C3)C(=O)NO)C4=CC=CC=C4N2,145994163,3.06,Active,0,1
793,CCCCN(CC1=CC=C(C=C1)C(=O)NO)C(=O)C2=NC=C3C(=C2)C4=CC=CC=C4N3,145993768,2.69,Active,0,1
794,CCN(CC1=CC=C(C=C1)C(=O)NO)C(=O)C2=NC=C3C(=C2)C4=CC=CC=C4N3,145990399,4.78,Active,0,1
795,CN(CC1=CC=C(C=C1)C(=O)NO)C(=O)C2=NC=C3C(=C2)C4=CC=CC=C4N3,145988992,5.63,Active,0,1
796,C[Si](CCCCCCC(=O)NC1=CC=CC=C1)(O)O,145983639,6.3,Active,0,1
