STT,SMILES,CID,AVG_IC50_uM,FIRST_LABEL,FINAL_LABEL,DUPLICATE_COUNTS
314,Nc1ccccc1NC(=O)CCCCCN(CC(=O)NC1CCCCC1)C(=O)c1ccccc1,155529690,5.95,Active,0.0,1
602,O=C(CCCCC(=O)Nc1ccc2c(c1)/C(=C/c1ccc[nH]1)C(=O)N2)NO,56837168,0.0204,Active,1.0,1
769,O=C(NO)c1cccc(S(=O)(=O)N[C@@H](Cc2c[nH]c3ccccc23)C(=O)Nc2ccccc2)c1,145973656,,Unspecified,0.0,2
285,O=C(NO)c1ccc(CN2c3ccccc3Sc3ccc(Cl)cc32)cc1,155546107,0.29,Active,1.0,1
375,O=C(NO)c1ccc(CN(Cc2nnnn2Cc2ccccc2)C(=O)c2ccccc2C(F)(F)F)cc1,146680839,2.26,Active,0.0,1
764,O=C(CCCCCCC(=O)Nc1ccccc1)NO,5311,0.221521489,Active,1.0,94
22,Cn1c(SCc2ccc(C(=O)NO)cc2)nnc1-c1ccncc1,164617449,4.35,Active,0.0,1
720,O=C(/C=C/c1ccc(-c2ccc(Cl)cc2)cc1)NO,15986508,1.86,Active,0.0,1
769,CN(C)c1ccc(-c2ccc(/C=C/C(=O)NO)cc2)cc1,42630933,,Unspecified,0.0,1
492,O=C(CCCCCCn1cc(Nc2ncc(Cl)c(Nc3ccc(F)cc3)n2)cn1)NO,141728813,0.003,Active,1.0,1
39,Nc1nc2cc(-c3nn(CCCCCCC(=O)NO)c4ncnc(N)c34)ccc2o1,164609507,0.0032,Active,1.0,1
140,O=NC(=O)c1ccc(-c2csc(-n3[nH]c(-c4ccccc4)c(NNc4nccs4)c3=O)n2)cc1,162654446,0.5774,Active,1.0,1
488,O=C(NO)c1ccc(Cn2cc(Nc3ncc(Cl)c(Nc4ccc(F)cc4)n3)cn2)cc1,141728829,0.396,Active,1.0,2
769,C=CCn1c(SCCCCCC(=O)O)nnc1-c1ccncc1,164613288,,Unspecified,0.0,1
466,Nc1cc(F)ccc1NC(=O)c1ccc(NC(=O)CCc2ccccc2)cc1,142489322,1.1,Active,0.0,1
150,CCC(=O)CCCCC[C@H](NC(=O)[C@H]1CC12CCN(CC)CC2)c1ncc(-c2cccc(F)c2OC)[nH]1,162653173,0.025,Active,1.0,1
201,CCC(=O)CCCCC[C@H](NC(=O)[C@@H]1CC12CCC(N(C)C)CC2)c1ncc(-c2cc3ccccc3nc2OC)[nH]1,156019655,0.0226,Active,1.0,1
218,CCC(=O)CCCCC[C@H](NC(=O)[C@H]1CC12CCN(C(C)=O)CC2)c1ncc(-c2cc3ccccc3nc2OC)[nH]1,156014765,0.041,Active,1.0,1
244,N[C@@H](CCCCCC(=O)c1ccon1)c1ccn(-c2ccc(F)cc2)n1,155925021,0.743,Active,1.0,2
88,O=C(N[C@@H](CCCCNC(=O)c1ncccc1O)c1ncc(-c2ccc3ccccc3c2)[nH]1)c1cncs1,162665019,0.07,Active,1.0,1
769,O=C(NO)c1cccc(S(=O)(=O)N[C@H](C(=O)Nc2ccc(F)cc2)c2ccccc2)c1,145973218,,Unspecified,0.0,1
14,C=CCn1c(SCCCCCC(=O)Nc2ccccc2N)nnc1-c1ccncc1,164621002,1.4,Active,0.0,1
769,Cc1ccc2c(c1)C1=NCCN1C(=S)S2,155564750,,Unspecified,0.0,1
304,COc1ccc2c(=O)n(C)c(SCc3ccc(C(=O)Nc4ccccc4N)cc3)nc2c1,155537008,0.16,Active,1.0,1
327,Cc1cc(C)cc(C(=O)N(CCCCCC(=O)Nc2ccccc2N)CC(=O)NC2CCCCC2)c1,155524660,6.66,Active,0.0,1
550,O=C(CCCCCCC(=O)Nc1ccc2[nH]c(=O)ccc2c1)NO,117829479,0.045,Active,1.0,1
373,CCC(=O)CCCCC[C@H](NC(=O)[C@H]1CC12CCN(CC(F)(F)F)CC2)c1ncc(-c2cc3ccccc3nc2OC)[nH]1,147105312,0.0098,Active,1.0,1
42,O=C(NO)c1ccc(CSc2nnc(-c3ccncc3)n2-c2ccccc2)cc1,164609075,9.76,Active,0.0,1
769,O=C(N[C@@H](CCCCNC(=O)c1ccccc1-n1cccc1)c1ncc(-c2ccc3ccccc3c2)[nH]1)c1cncs1,162650166,,Unspecified,0.0,1
186,O=Nc1c(-c2c(O)n(Cc3ccc(C(=O)NO)cc3)c3ccc(Br)cc23)[nH]c2ccccc12,156901833,0.075,Active,1.0,1
27,C=CCn1c(SCc2ccc(C(=O)Nc3ccccc3N)cc2)nnc1-c1ccncc1,164615117,1.28,Active,0.0,1
744,CC(=O)Nc1ccc(C(=O)Nc2cc(-c3cccs3)ccc2N)cc1,6918878,0.166666667,Active,1.0,3
725,CC(/C=C/C(=O)NO)=C\[C@H](C)C(=O)c1ccc(N(C)C)cc1,13507024,0.016,Active,1.0,1
106,COc1ccc(C(=O)NCCCC[C@H](NC(=O)c2cncs2)c2ncc(-c3ccc4ccccc4c3)[nH]2)c(O)c1,162661061,1.9,Active,0.0,1
769,CC(C)(C)OC(=O)ON(C(=O)CCCCCCC(=O)N(OC(=O)OC(C)(C)C)C(=O)OC(C)(C)C)C(=O)OC(C)(C)C,127041696,,Unspecified,0.0,1
646,O=C(CCCCCCc1nc(-c2cccnc2)no1)NO,46190824,0.39,Active,1.0,1
361,Cc1cc(-c2nc3sc4c(c3c(=O)[nH]2)CCN(C)C4)cc(C)c1OCc1cccc(C(=O)NO)c1,153534003,0.251,Active,1.0,1
67,CCC(=O)CCCCC[C@H](NC(=O)[C@H]1CC12CCN(CC)CC2)c1ncc(-c2cc(C(=O)OC)c(F)cc2OC)[nH]1,162670894,0.154,Active,1.0,1
769,CCCCCC(CCCCCC(=O)Nc1ccccc1)C(=O)NO,134143927,,Unspecified,0.0,1
173,CCOc1cccc(-c2ccc3c(NC(=O)CCCCCCC(=O)NO)n[nH]c3c2)c1,162643350,0.0042,Active,1.0,1
769,CCn1c(SCc2ccc(C(=O)NO)cc2)nnc1-c1ccncc1,164619568,,Unspecified,0.0,1
769,O=CN(O)CCCCCNC(=O)CCc1ccccc1,44359548,,Unspecified,0.0,1
589,O=C(C=Cc1cn(-c2ccccc2)nc1-c1ccc(Br)cc1)Nc1ccccc1,70690378,6.52,Active,0.0,1
769,O=C(NO)c1cccc(S(=O)(=O)N[C@@H](Cc2c[nH]c3ccccc23)C(=O)Nc2ccc(F)cc2)c1,145973530,,Unspecified,0.0,1
350,Cc1noc(C)c1-c1nc2sc3c(c2c(=O)[nH]1)CCN(CCCC(=O)NO)C3,155511921,0.282,Active,1.0,1
760,CC(C=CC(=O)NO)=CC(C)C(=O)c1ccc(N(C)C)cc1,444732,0.03326,Active,1.0,9
769,CCn1c(SCCCCCC(=O)Nc2ccccc2N)nnc1-c1ccncc1,164610004,,Unspecified,0.0,1
448,CC(C)CCN(CCCCCCC(=O)NO)c1ncc(C(=O)NCCCn2ccnc2)s1,145950884,0.0068,Active,1.0,1
682,N#Cc1ccc(-c2ccc(/C=C/C=C/C(=O)NO)cc2)cc1,42631048,1.2,Active,0.0,1
699,COC(=O)NCc1ccc(C(=O)Nc2cc(-c3ccccc3)ccc2N)cc1,25032862,0.013,Active,1.0,1
769,Cc1ccc(Nc2nccc(N(C)c3ccc4c(C)n(C)nc4c3)n2)cc1C(=O)NO,141504721,,Unspecified,0.0,1
228,Cc1cc(C)c(CNC(=O)c2cnn(-c3cccc(NC(=O)CCCCCCC(=O)NO)c3)c2C)c(=O)[nH]1,156013097,2.36,Active,0.0,1
71,CCC(=O)CCCCC[C@H](NC(=O)[C@H]1CC12CCN(CC)CC2)c1ncc(-c2c(F)cc(C(=O)Nc3cc(C(F)(F)F)ccn3)cc2OC)[nH]1,162670307,0.32,Active,1.0,1
465,Nc1cc(F)ccc1NC(=O)c1ccc(NC(=O)Cc2ccccc2)cn1,142489323,2.0,Active,0.0,1
411,Nc1ccccc1NC(=O)/C=C/c1ccc(CNC2CC2c2ccccc2)cc1,145974565,0.491,Active,1.0,1
200,CCC(=O)CCCCC[C@H](NC(=O)[C@@H]1CCC12CCN(CC)CC2)c1ncc(-c2cc3ccccc3nc2OC)[nH]1,156019746,0.0092,Active,1.0,1
252,CC(C)C1NC(=O)C2(C)CSC(=N2)c2csc(n2)CNC(=O)CC(C(F)=CCCS)OC1=O,155564400,0.09551,Active,1.0,1
366,CCC(=O)CCCCC[C@H](NC(=O)[C@@H]1CC12CCN(C)CC2)c1ncc(-c2cc3ccccc3nc2OC)[nH]1,151151287,0.0313,Active,1.0,1
117,CCC(=O)CCCCC[C@H](NC(=O)c1cncs1)c1[nH]c(-c2ccc(F)cc2)nc1C#N,162658869,0.4721,Active,1.0,3
769,O=C(CNS(=O)(=O)c1cccc(C(=O)NO)c1)Nc1ccccc1,145975187,,Unspecified,0.0,2
97,CCC(=O)CCCCC[C@H](NC(=O)C1CN(C)C1)c1[nH]c(-c2ccc(F)cc2)nc1C(N)=O,162663519,0.484133333,Active,1.0,3
502,O=C(CCCCCn1cc(Nc2ncc(Cl)c(Nc3ccc(Cl)cc3)n2)cn1)NO,138377596,0.061,Active,1.0,2
769,O=C(CCCCCC(Cc1ccccc1)C(=O)NO)Nc1ccccc1,44431499,,Unspecified,0.0,1
598,Nc1ccc(-c2cccs2)cc1NC(=O)c1ccc(CNC(=O)N2CCOCC2)cc1,57396604,0.88,Active,1.0,1
512,Cn1ccc2c(CCNS(=O)(=O)c3ccc(C=CC(=O)NO)cc3)cccc21,137635575,0.00053,Active,1.0,1
650,O=C(CCCCCCc1nc(-c2ccc(C(F)(F)F)cc2)no1)NO,46190820,7.93,Active,0.0,1
8,O=C(NO)c1ccc(CN2c3ccccc3S(=O)c3ccc(Cl)cc32)cc1,164625685,1.0,Active,0.0,1
769,Nc1ccccc1NC(=O)CCCCCCc1nc(-c2ccccc2Cl)no1,46203621,,Unspecified,0.0,1
745,Cc1[nH]c2ccccc2c1CCNCc1ccc(C=CC(=O)NO)cc1,6918837,0.066022,Active,1.0,5
717,CC(=O)CCCCCC(NC(=O)C1CCN(C)CC1)c1ncc(-c2ccc3ccccc3c2)[nH]1,16049824,0.029,Active,1.0,1
769,O=C(NO)c1cccc(C(=O)NCCc2cccnc2)c1,71680914,,Unspecified,0.0,1
572,O=C(CCCCCCC(=O)NN=Cc1ccc(-c2ccccc2)cc1)NO,73707349,0.001,Active,1.0,1
221,O=C(CCCCCC(=O)NCCCN1c2ccccc2CCc2ccc(Cl)cc21)NO,156014152,3.96,Active,0.0,1
516,Cc1c2ccc(N(C)c3ccnc(Nc4cccc(/C=C/C(=O)NO)c4)n3)cc2nn1C,137487427,3.0,Active,0.0,1
425,O=C(NO)c1ccc(Cn2nc(-c3ccc(F)cc3)cc2Cc2ccccc2)cc1,145968824,0.763,Active,1.0,1
38,C/C(=N\O)c1ccc2c(c1)N(Cc1ccc(C(=O)NO)cc1)c1ccccc1S2=O,164609512,1.62,Active,0.0,1
86,Nc1ccccc1NC(=O)c1ccc(Cn2ccc3c(Cl)nc(Cl)nc32)cc1,162665210,6.51,Active,0.0,1
94,Nc1nc(Nc2ccc(F)c(Cl)c2)c2ccn(Cc3ccc(C(=O)Nc4ccccc4N)cc3)c2n1,162664149,1.46,Active,0.0,1
529,CCOc1cc(NC(=O)CCCCCC(=O)Nc2cc(-c3ccccc3)ccc2N)cc2c1OCC([N+](=O)[O-])=C2,132576539,0.659,Active,1.0,1
59,CCC(=O)CCCCC[C@H](NC(=O)C1CCOCC1)c1[nH]c(-c2ccc(F)cc2)nc1C(N)=O,162672814,1.137266667,Active,0.0,3
170,COc1cccc(-c2ccc3c(NC(=O)CCCCCCC(=O)NO)n[nH]c3c2)c1F,162643829,0.006,Active,1.0,1
698,COC(CCCCC(=O)NO)C(=O)Nc1ccccc1,25065710,0.5,Active,1.0,1
437,O=C(CCCCCCN(Cc1ccc(F)cc1)c1ncc(C(=O)NCCCn2ccnc2)s1)NO,145962694,0.033,Active,1.0,1
531,Nc1ccccc1NC(=O)c1ccc(NC(=O)CCN2C(=O)C3(OCCCO3)c3cc(Cl)ccc32)cc1,132569672,0.256,Active,1.0,1
615,Nc1ccccc1NC(=O)C=Cc1ccc(C(NCCN2CCCCC2)C(=O)Nc2ccc(-c3ccc(C4CC4)cc3)cc2)cc1,53326925,0.24,Active,1.0,1
714,O=C(CCCCc1ccc(-c2ccccc2)cc1)NO,22915475,0.72,Active,1.0,1
664,O=C(CCCCCCc1nc(-c2cccc([N+](=O)[O-])c2)no1)C(F)(F)F,46187885,0.92,Active,1.0,1
750,O=C(C=Cc1ccc(CN(CCO)CCc2c[nH]c3ccccc23)cc1)NO,6445533,0.007,Active,1.0,1
229,CCC(=O)CCCCC[C@H](NC(=O)[C@H]1CC12CN(C)C2)c1ncc(-c2cc3ccccc3nc2OC)[nH]1,156012420,0.0071,Active,1.0,1
671,COC(=O)NCc1ccc(C(=O)Nc2cc(-c3cccs3)ccc2N)cc1,44447194,0.105,Active,1.0,1
769,O=NC(=O)/C=C/c1ccc2c(O)c3ccccc3c(O)c2c1,149405396,,Unspecified,0.0,1
251,Nc1ccccc1NC(=O)CCCCCN(CC(=O)NCc1ccccc1)C(=O)c1cccc2ccccc12,155564587,1.9,Active,0.0,1
222,COc1nc2ccccc2cc1-c1cnc([C@@H](N)CCCCCC(=O)c2ncc[nH]2)[nH]1,156013864,4.9,Active,0.0,1
357,CCC(=O)CCCCC[C@H](NC(=O)[C@@H]1C[C@@]12CCN(C)C2)c1ncc(-c2cc3ccccc3nc2OC)[nH]1,153582210,0.0313,Active,1.0,1
769,COC(=O)[C@H](Cc1ccccc1)n1nnc(-c2ccccc2)c1C#Cc1ccccc1,6917365,0.0,Inactive,0.0,1
723,O=C(/C=C/c1ccc(-c2ccc(O)cc2)cc1)NO,15986418,0.59,Active,1.0,1
227,CCC(=O)CCCCC[C@H](NC(=O)[C@H]1CC12CCN(Cc1cccnc1)CC2)c1ncc(-c2cc3ccccc3nc2OC)[nH]1,156013262,0.0039,Active,1.0,1
769,O=C(CCCCCC(OCc1ccc(C(F)(F)F)cc1)C(=O)Nc1ccccc1)NO,25065932,,Unspecified,0.0,1
397,Cc1ccc(-c2cc(C)n(Cc3ccc(C(=O)NO)cc3)n2)cc1,145987492,0.041,Active,1.0,1
318,Nc1ccccc1NC(=O)c1ccc(CN(CC(=O)NCc2ccccc2)C(=O)c2cccnc2)cc1,155527955,0.786,Active,1.0,1
623,Nc1ccc(-c2ccc(Br)cc2)cc1NC(=O)c1ccccc1,46887439,0.6,Active,1.0,1
154,Nc1cc(F)ccc1NC(=O)c1ccc(NC(=O)CCCCNC(=O)CNc2cccc3c2C(=O)N(C2CCC(=O)NC2=O)C3=O)cc1,162652027,4.2,Active,0.0,1
544,Nc1ccccc1NC(=O)c1ccc(CNCc2nc(-c3ccc([N+](=O)[O-])cc3)no2)cc1,118735151,0.15,Active,1.0,1
769,O=C(NO)[C@@H](Cc1ccccc1)n1nnc(-c2ccccc2)c1C#Cc1ccccc1,155557270,20.0,Inactive,0.0,1
555,Nc1ccccc1NC(=O)CCCCC(=O)Nc1ccc2c(c1)/C(=C/c1ccc[nH]1)C(=O)N2,101882858,3.29,Active,0.0,1
408,O=C(CCCCCCC(=O)Nc1ccc(N(CCCl)CCCl)cc1)NO,145977632,0.24,Active,1.0,1
167,Nc1ccccc1NC(=O)c1ccc(NC(=O)CCCCCCNC(=O)CNc2cccc3c2C(=O)N(C2CCC(=O)NC2=O)C3=O)cc1,162644926,0.75,Active,1.0,1
41,NC(=NO)c1ccc2nc(-c3cccc(-c4cn5ccccc5n4)c3)[nH]c2c1,164609294,0.4,Active,1.0,1
769,Fc1ccc2c(c1)C1=NCCCN1C(=S)S2,129104227,,Unspecified,0.0,1
297,Nc1ccccc1NC(=O)CCCCCN(CC(=O)NC1CCCCC1)C(=O)c1cccc2ccccc12,155541992,5.38,Active,0.0,1
665,O=C(CCCCCCc1nc(-c2cccs2)no1)C(F)(F)F,46187719,1.63,Active,0.0,1
371,O=NC(=O)c1ccc2c(O)c3ccccc3c(O)c2c1,147254231,4.618,Active,0.0,1
769,CCSc1ccccc1C(=O)NCCCC[C@H](NC(=O)c1cncs1)c1ncc(-c2ccc3ccccc3c2)[nH]1,162674495,,Unspecified,0.0,1
498,CC(CCCC(=O)Nc1ccccc1)CCC(=O)NO,140846804,3.3,Active,0.0,1
474,O=C(NO)c1ccc(CN2c3ccccc3Sc3ccccc32)cc1,141733188,4.96,Active,0.0,1
20,NC(=O)c1ccc2c(c1)N(Cc1ccc(/C=C/C(=O)NO)cc1)c1ccccc1S2,164618031,0.02,Active,1.0,1
701,COc1ccc2[nH]c(C)c(CC(=O)NC(CCCCCC(C)=O)c3ncc(-c4ccccc4)[nH]3)c2c1,24853793,0.11,Active,1.0,2
575,CC(=O)Nc1ccc(C(=O)Nc2ccc(F)cc2N)cc1,72734382,1.15,Active,0.0,1
329,CN(C)c1ccc(C(=O)N(CCCCCC(=O)Nc2cc(F)ccc2N)CC(=O)NCc2ccccc2)cc1,155521822,3.06,Active,0.0,1
654,O=C(NO)c1ccc(CNCc2nc(-c3ccc([N+](=O)[O-])cc3)no2)cc1,46190609,9.23,Active,0.0,1
61,COc1ccc(-c2ccc3c(NC(=O)CCCCCCC(=O)NO)n[nH]c3c2)cc1OC,162672606,0.0046,Active,1.0,1
452,CC[C@H](Nc1ncnc2nc[nH]c12)c1nc2cccc(CCCCC(=O)NO)c2c(=O)n1-c1ccccc1,142506033,1.231,Active,0.0,1
384,CCCCN(Cc1ccc(C(=O)NO)cc1)C(=O)c1cc2c(cn1)[nH]c1ccccc12,145993768,2.69,Active,0.0,1
769,Nc1cc(F)ccc1NC(=O)c1ccc(NC(=O)C2CC2c2ccccc2)cc1,145958925,,Unspecified,0.0,1
153,COc1ccc2nc3cc(Cl)ccc3c(Nc3ccc(C(=O)NO)cc3)c2n1,162652310,0.8,Active,1.0,1
138,CCC(=O)CCCCC[C@H](NC(=O)C1CN(C)C1)c1[nH]c(-c2ccc(F)cc2)nc1C#N,162654809,1.250666667,Active,0.0,3
708,Nc1ccccc1NC(=O)c1ccc2nccnc2c1,23648267,2.0,Active,0.0,1
769,O=c1c(N=Nc2nccs2)c(-c2ccccc2)[nH]n1-c1nc(-c2ccccc2)cs1,3857348,,Unspecified,0.0,1
769,O=C(CCCCCSc1nnc(-c2ccncc2)n1-c1ccccc1)NO,164627615,,Unspecified,0.0,1
637,Nc1ccccc1NC(=O)CCCCCCc1nc(-c2cccs2)no1,46203950,2.87,Active,0.0,1
769,O=C(O)CCCc1ccccc1,4775,,Unspecified,0.0,1
769,O=C(NO)c1ccc(CN2C(=O)C(Cc3ccccc3)N(Cc3cccnc3)C2=O)cc1,164625625,,Unspecified,0.0,2
261,Cc1cc(C)cc(C(=O)N(CCCCCC(=O)Nc2cc(-c3ccccc3)ccc2N)CC(=O)NCc2ccccc2)c1,155559872,1.81,Active,0.0,1
769,CC[C@H](NC(=O)C1CN(C)C1)c1ncc(-c2cc3ccccc3nc2OC)[nH]1,164616411,,Unspecified,0.0,2
769,CCCNNC(=O)c1cccc(CN(CCc2c(C)[nH]c3ccccc23)C(=O)OC(C)(C)C)c1,155540719,,Unspecified,0.0,1
69,Nc1nc(Nc2ccc(F)c(Cl)c2)c2ncn(Cc3ccc(C(=O)Nc4ccccc4N)cc3)c2n1,162670784,0.585,Active,1.0,1
715,O=C(NO)C1=CCCCC1,20459443,1.05,Active,0.0,1
552,CN1C(=O)CC(C)(C)c2cc(C(=O)NCCCCCCC(=O)NO)ccc21,117829461,0.1,Active,1.0,1
769,S=C1Sc2cc(Br)ccc2C2=NCCCN12,129104183,,Unspecified,0.0,1
710,COc1ccc(NCc2ccc(C(=O)Nc3cc(-c4ccoc4)ccc3N)cc2)cc1OC,23648263,0.07,Active,1.0,1
369,CCC(=O)CCCCC[C@H](NC(=O)[C@H]1CC12CCN(CC1CC1)CC2)c1ncc(-c2cc3ccccc3nc2OC)[nH]1,149256177,0.00069,Active,1.0,1
769,FC(F)(F)c1ccc2c(c1)C1=NCCCN1C(=S)S2,121279020,,Unspecified,0.0,1
389,CCN(Cc1ccc(C(=O)NO)cc1)C(=O)c1cc2c([nH]c3ccccc32)c(-c2ccccc2OC)n1,145990872,0.83,Active,1.0,1
721,O=C(/C=C/c1ccc(-c2ccc(O)c(Cl)c2)cc1)NO,15986507,0.46,Active,1.0,1
365,Cc1cc(-c2nc3sc4c(c3c(=O)[nH]2)CCN(C)C4)cc(C)c1OCc1ccc(/C=C/C(=O)NO)cc1,151364732,0.097,Active,1.0,1
70,O=C(CCCCCCC(=O)Nc1n[nH]c2cc(-c3ccsc3)ccc12)NO,162670742,0.0316,Active,1.0,1
418,O=C(CCCCCNC(=O)c1cc(-c2ccc(F)cc2)n[nH]1)NO,145970171,0.042,Active,1.0,1
220,CCC(=O)CCCCC[C@H](NC(=O)[C@H]1C[C@@]12CCN(C)C2)c1ncc(-c2cc3ccccc3nc2OC)[nH]1,156014230,0.0065,Active,1.0,1
444,O=C(/C=C/c1ccc(CNC2CC2c2ccccc2)cc1)NO,145954248,0.025,Active,1.0,1
319,O=C(/C=C/c1ccc(CONC(=O)c2ccc3ccccc3n2)cc1)NO,155527385,0.905,Active,1.0,2
9,CCC[C@H](NC(=O)C1CN(C)C1)c1ncc(-c2cc3ccccc3nc2OC)[nH]1,164625443,3.4,Active,0.0,1
149,CCC(=O)CCCCC[C@H](NC(=O)[C@H]1CC12CCN(CC)CC2)c1ncc(-c2cc(C(C)C)c(F)cc2OC)[nH]1,162653328,0.279,Active,1.0,1
769,N#Cc1ccc2c(c1)SC(=S)N1CCCN=C21,155531957,,Unspecified,0.0,1
320,Cc1cc(C)cc(C(=O)N(CC(=O)NCc2ccccc2)Cc2ccc(C(=O)Nc3ccccc3N)cc2)c1,155527295,0.485,Active,1.0,1
769,S=C1Sc2c(Cl)cccc2C2=NCCN12,14113325,,Unspecified,0.0,1
747,O=C(C=Cc1cccc(S(=O)(=O)Nc2ccccc2)c1)NO,6918638,0.493,Active,1.0,5
719,COc1ccc(-c2ccc(/C=C/C(=O)NO)cc2)cc1,15986509,1.16,Active,0.0,1
40,Nc1ncnc2c1c(-c1cnc3[nH]ccc3c1)nn2CCCCCCCCC(=O)NO,164609349,0.024,Active,1.0,1
769,CCCCCCC(CCCC(=O)Nc1ccccc1)CCC(=O)NO,134283810,,Unspecified,0.0,2
113,CCC(=O)CCCCC[C@H](NC(=O)[C@H]1CC12CCN(C)CC2)c1ncc(-c2ccc(C(=O)NC3CCOC3)cc2)[nH]1,162659197,0.062,Active,1.0,2
769,S=C1Sc2ccc(Cl)cc2C2=NCCCN12,129104426,,Unspecified,0.0,1
169,O=C(CCCCNC(=O)c1ccc(-c2csc(-n3[nH]c(-c4ccccc4)c(N=Nc4nccs4)c3=O)n2)cc1)NO,162644191,0.2074,Active,1.0,1
769,O=C(CCCn1cc(Nc2ncc(Cl)c(Nc3ccc(F)cc3)n2)cn1)NO,141728843,,Unspecified,0.0,1
33,COc1ccc2c(c1)N(Cc1ccc(C(=O)NO)cc1)c1ccccc1S2=O,164611961,1.93,Active,0.0,1
205,CCC(=O)CCCCC[C@H](NC(=O)[C@H]1CC12CCN(Cc1ccccc1)CC2)c1ncc(-c2cc3ccccc3nc2OC)[nH]1,156018682,0.0081,Active,1.0,1
44,COc1ccc(F)c(-c2ccc3c(NC(=O)CCCCCCC(=O)NO)n[nH]c3c2)c1,162677105,0.0035,Active,1.0,1
681,O=C(/C=C/c1ccc(-c2ccccc2)cc1)NO,42632368,0.82,Active,1.0,1
769,CC(C)(C)Nc1c(-c2cccc(-c3nc4ccc(-c5noc(C(F)(F)F)n5)cc4[nH]3)c2)nc2cnccn12,164612605,,Unspecified,0.0,1
6,C/C(=N\O)c1ccc2c(c1)N(Cc1ccc(C(=O)NO)cc1)c1ccccc1S2,164626034,0.33,Active,1.0,1
769,O=C(NO)c1cccc(S(=O)(=O)N[C@H](C(=O)Nc2ccc(Cl)cc2)c2ccccc2)c1,145967313,,Unspecified,0.0,1
83,O=C(CCCCCCCOc1ccc(-c2csc(-n3[nH]c(-c4ccccc4)c(N=Nc4nccs4)c3=O)n2)cc1)NO,162666047,0.1352,Active,1.0,1
666,CCC(=O)CCCCCC1NC(=O)C(C)NC(=O)CC(CC(C)C)NC(=O)C(Cc2cccc3ccccc23)NC1=O,44598536,0.29,Active,1.0,1
576,COc1cc2ccn(CCOc3cccc(NC(=O)CCCCCCC(=O)NO)c3)c2c(OC)c1OC,71722010,0.1112,Active,1.0,1
447,COc1cc2ccn(CCCCOc3cccc(NC(=O)CCCCCCC(=O)NO)c3)c2c(OC)c1OC,145951170,0.9996,Active,1.0,1
769,O=C(/C=C/c1ccc(CONC(=O)c2csc(-c3ccccc3)n2)cc1)NO,155512623,,Unspecified,0.0,2
491,O=C(CCCCCCn1cc(Nc2ncc(Cl)c(Nc3ccc(Cl)cc3)n2)cn1)NO,141728817,0.002,Active,1.0,1
391,Cc1ccc(-c2cc(C(F)(F)F)n(CCc3ccc(C(=O)NO)cc3)n2)cc1,145989487,0.549,Active,1.0,1
250,O=C(NO)c1ccc(Cn2cc(CN3CCCC3)c3ccccc32)cc1,155564870,6.30957,Active,0.0,1
596,Nc1cc(F)ccc1NC(=O)c1ccc(CNC(=O)/C=C/c2ccccc2)cc1,57723146,0.14,Active,1.0,1
238,Cc1cc(C)c(CNC(=O)c2cc(C)n(-c3cccc(NC(=O)CCCCCCC(=O)NO)c3)c2C)c(=O)[nH]1,156010365,1.33,Active,0.0,1
769,COc1ccc(S(=O)(=O)Nc2ccccc2CCc2ccc(C(=O)Nc3ccccc3N)cc2)cc1,162668613,,Unspecified,0.0,1
274,CC(C)C[C@H](NC(=O)CNC(=O)c1cccc(/C=C/C(=O)NO)c1)B1O[C@@H]2[C@@H]3C[C@H](C[C@]2(C)O1)C3(C)C,155552130,0.4655,Active,1.0,2
388,CCN(Cc1ccc(C(=O)NO)cc1)C(=O)c1cc2c([nH]c3ccccc32)c(C)n1,145991220,1.75,Active,0.0,1
313,CN(Cc1ccc(C(=O)Nc2ccccc2N)cc1)c1ccccc1,155530254,0.5,Active,1.0,1
471,CC[C@H](C(=O)Nc1ccc(C(=O)Nc2ccc(F)cc2N)cc1)c1ccccc1,142489313,4.8,Active,0.0,1
620,CN1CCc2c(c3ccccc3n2Cc2ccc(C(=O)NO)cc2)C1,49850262,5.9015,Active,0.0,6
428,O=C(CCCCNC(=O)c1cc(-c2ccc(F)cc2)n[nH]1)NO,145967905,0.883,Active,1.0,1
769,Nc1ccccc1NC(=O)CCCCCSc1nnc(-c2ccncc2)n1-c1ccccc1,164627185,,Unspecified,0.0,1
532,O=C(NO)c1ccc(CNC2CC2c2ccccc2)cc1,132137973,3.103,Active,0.0,1
606,O=C(C=Cc1ccc2c(ccn2Cc2ccccc2)c1)NO,53464639,0.3811,Active,1.0,1
135,CCC(=O)CCCCC[C@H](NC(=O)[C@H]1CC12CCN(C)CC2)c1ncc(-c2ccc(-n3nc(C)cc3C)cc2)[nH]1,162655311,0.067,Active,1.0,2
500,Nc1cc(F)ccc1NC(=O)c1ccc(NC(=O)[C@@H]2C[C@@H]2c2ccccc2)cc1,139325532,2.1,Active,0.0,1
683,O=C(/C=C/c1ccc(-c2cccs2)cc1)NO,42630932,0.45,Active,1.0,1
255,Nc1ccccc1NC(=O)c1ccc(CNc2ccccc2)cc1,155563524,1.4,Active,0.0,1
753,Cc1ccc(-c2nn(-c3ccccc3)cc2C=CC(=O)Nc2ccc(Cl)cc2)cc1,2423687,5.86,Active,0.0,1
400,C[Si](O)(O)CCCCCCC(=O)Nc1ccccc1,145983639,6.3,Active,0.0,1
16,CCCC[C@H](NC(=O)[C@H](CN)c1c(C)[nH]c2ccc(O)cc12)c1ncc(-c2cc3ccccc3nc2OC)[nH]1,164619315,3.30125,Active,0.0,4
769,CCn1c(SCc2ccc(C(=O)Nc3ccccc3N)cc2)nnc1-c1ccncc1,164627790,,Unspecified,0.0,1
383,Cc1nc(C(=O)N(C)Cc2ccc(C(=O)NO)cc2)cc2c1[nH]c1ccccc12,145994163,3.06,Active,0.0,1
634,Nc1ccc(-c2ccco2)cc1NC(=O)c1ccccc1,46830328,0.9215,Active,1.0,2
479,O=C(CCCCn1cc(Nc2ncc(Cl)c(Nc3ccc(F)cc3)n2)cn1)NO,141728867,0.9845,Active,1.0,2
352,Cc1cc(C)cc(C(=O)NOCc2ccc(/C=C/C(=O)NO)cc2)c1,155510762,0.995,Active,1.0,2
769,Cc1[nH]c2ccccc2c1CCNCc1ccc(C=CC(=O)NN(CCCO)CCCO)cc1.O=C(O)C(F)(F)F,155520741,,Unspecified,0.0,1
678,O=C(/C=C/c1ccc(-c2ccc3[nH]ccc3c2)cc1)NO,42632491,1.2,Active,0.0,1
749,O=C(CCCCCCC(=O)Nc1ccc(C2OC(CSc3nc(-c4ccccc4)c(-c4ccccc4)o3)CC(c3ccc(CO)cc3)O2)cc1)NO,6675804,3.265,Active,0.0,2
586,COc1ccc(-c2nn(-c3ccccc3)cc2C=CC(=O)Nc2ccc(Br)cc2)cc1,70696631,2.17,Active,0.0,1
298,COC(=O)c1ccc2ccccc2c1OCCCCCCCC(=O)Nc1ccccc1N,155540466,8.14,Active,0.0,1
1,CSc1ccc2c(c1)N(Cc1ccc(C(=O)NO)cc1)c1ccccc1S2,164629157,0.68,Active,1.0,1
345,Cc1noc(C)c1-c1nc2sc3c(c2c(=O)[nH]1)CCN(CCCCCC(=O)Nc1ccccc1N)C3,155513192,0.112,Active,1.0,1
399,O=C(CCc1ccc(Nc2c3ccccc3nc3ccccc23)cc1)NO,145983855,0.1,Active,1.0,1
477,O=C(CCCCCn1cc(Nc2ncc(Cl)c(Nc3ccc(F)cc3)n2)cn1)NO,141728873,0.026,Active,1.0,1
769,CS(=O)c1ccccc1C(=O)NCCCC[C@H](NC(=O)c1cncs1)c1ncc(-c2ccc3ccccc3c2)[nH]1,162657535,,Unspecified,0.0,1
196,COc1nc2ccccc2cc1-c1cnc([C@@H](N)CCCCCC(=O)c2ncc(CO)o2)[nH]1,156021459,0.47,Active,1.0,1
343,Nc1ccccc1NC(=O)c1ccc(C(=O)Nc2ccccc2)cc1,155514314,5.4,Active,0.0,1
769,Cc1ccc(COC(CCCCCC(=O)NO)C(=O)Nc2ccccc2)cc1,25066136,,Unspecified,0.0,1
279,COc1ccc2c(=O)n(-c3ccccc3Cl)c(SCc3ccc(C(=O)Nc4ccccc4N)cc3)nc2c1,155549051,0.61,Active,1.0,1
769,O=C(/C=C/c1cccnc1)NCc1ccc(C(=O)Nc2ccc(F)cc2)cc1,155542195,,Unspecified,0.0,1
111,O=C(NO)c1ccc(Nc2c3ccccc3nc3ccccc23)cc1,162660161,2.9125,Active,0.0,4
68,O=C(CCCCCCC(=O)Nc1n[nH]c2cc(-c3ccncc3)ccc12)NO,162670851,0.0259,Active,1.0,1
611,[N-]=[N+]=NCc1cc(N=[N+]=[N-])cc(C(=O)Nc2ccc(-c3cc(C(=O)NCCCCCCC(=O)NO)no3)cc2)c1,53361475,0.78,Active,1.0,1
269,Cc1noc(C)c1-c1nc2sc3c(c2c(=O)[nH]1)CCN(CC(=O)NO)C3,155555451,0.489,Active,1.0,1
424,Cc1cc(-c2ccc(F)cc2)nn1Cc1ccc(C(=O)NO)cc1,145968985,0.114,Active,1.0,1
769,COc1ccc(NC(=O)[C@H](Cc2c[nH]c3ccccc23)NS(=O)(=O)c2cccc(C(=O)NO)c2)cc1,145966533,,Unspecified,0.0,1
769,COc1ccc(-c2ccc(/C=C/C=C/C(=O)NO)cc2)cc1,42631047,,Unspecified,0.0,1
554,COc1ccc2cc(C(=O)NCCCCCCC(=O)NO)ccc2n1,117829456,0.17,Active,1.0,1
46,Cc1cn(C)nc1CN1CCC(c2ccc(C(=O)Nc3ccccc3N)cc2)CC1,162676473,0.6,Active,1.0,1
769,CN(C)c1ccc2c(c1)SC(=S)N1CCN=C21,155550827,,Unspecified,0.0,1
769,CCCC(CCC)C(=O)NO,88129,,Unspecified,0.0,1
340,CC(C)C1NC(=O)C2(C)CSC(=N2)c2csc(n2)CNC(=O)CC(C=C(F)CCS)OC1=O,155515488,0.00246,Active,1.0,1
566,O=C(CCCCCC(=O)NN=Cc1ccc(-c2cccnc2)cc1)NO,73707550,0.0108,Active,1.0,1
0,COC(=O)CCNNC(=O)C=Cc1ccc(CNCCc2c(C)[nH]c3ccccc23)cc1.O=C(O)C(F)(F)F,155525662,4.214,Active,0.0,1
382,COc1cc2nc(-c3ccc(C)o3)cc(NCC3CCN(c4ncc(C(=O)NO)cn4)CC3)c2cc1OC,146284820,0.051,Active,1.0,1
599,O=C(CCCCCCC(=O)Nc1ccc(F)cc1)NO,57395788,0.0127,Active,1.0,1
661,O=C(CCCCCCc1nc(-c2ccc(Cl)cc2)no1)C(F)(F)F,46187888,8.56,Active,0.0,1
601,O=C(CCCCCCC(=O)Nc1ccc2c(c1)/C(=C/c1ccc[nH]1)C(=O)N2)NO,56932477,0.00111,Active,1.0,1
769,CC(C)(C)Nc1c(-c2cccc(-c3nc4ccc(-c5noc(C(F)(F)F)n5)cc4[nH]3)c2)nc2ccccn12,164620433,,Unspecified,0.0,1
769,O=C(N[C@@H](CCCCNC(=O)c1cccc2c1CCC2)c1ncc(-c2ccc3ccccc3c2)[nH]1)c1cncs1,162646563,,Unspecified,0.0,1
164,CCC(=O)CCCCC[C@H](NC(=O)[C@H]1CC12CCN(C)CC2)c1[nH]c(-c2ccc(-c3cccnc3)cc2)nc1C#N,162647783,0.044566667,Active,1.0,3
769,O=C(CCC(CCCC(=O)Nc1ccccc1)Cc1ccccc1)NO,134283813,,Unspecified,0.0,2
263,Nc1ccccc1NC(=O)CCCCCC(=O)c1ccccc1,155558642,3.7,Active,0.0,1
769,CNc1ccccc1C(=O)NCCCC[C@H](NC(=O)c1cncs1)c1ncc(-c2ccc3ccccc3c2)[nH]1,162647432,,Unspecified,0.0,2
210,O=C(NO)c1ccc(NC(=O)C2(c3ccc4ccccc4c3)CCOCC2)cc1,156016822,0.008,Active,1.0,1
495,Cc1c2ccc(N(C)c3ccnc(Nc4ccc(C(=O)NCCCCCC(=O)Nc5ccccc5N)cc4)n3)cc2nn1C,141504722,3.0,Active,0.0,1
103,Nc1ccccc1NC(=O)c1ccc(NC(=O)CCCNC(=O)CNc2cccc3c2C(=O)N(C2CCC(=O)NC2=O)C3=O)cc1,162662724,1.5,Active,0.0,1
769,CCCC(=O)O,264,,Unspecified,0.0,1
13,O=C(O)CCCCCSc1nnc(-c2ccncc2)n1-c1ccccc1,164621264,0.64,Active,1.0,1
626,Cc1cccc(-c2ccc(N)c(NC(=O)c3ccccc3)c2)c1,46887381,5.15,Active,0.0,2
436,Cc1ccc(Nc2nccc(N(C)c3ccc4c(C)n(C)nc4c3)n2)cc1C(=O)NCCCCCC(=O)NO,145964935,0.82,Active,1.0,1
326,CC(C)C[C@H](NC(=O)[C@H](Cc1ccccc1)NC(=O)c1ccc(C(=O)Nc2ccccc2N)cc1)B1O[C@@H]2[C@@H]3C[C@H](C[C@]2(C)O1)C3(C)C,155525782,3.695,Active,0.0,2
616,Nc1ccccc1NC(=O)C=Cc1ccc(C(NCCC2CCOCC2)C(=O)Nc2ccc(C(F)(F)F)cc2)cc1,53325976,0.8,Active,1.0,1
114,Cl.O=C(NO)c1cnc(N2CCC3(CCN(Cc4c[nH]c5ccccc45)C3)CC2)nc1,162659127,0.0018,Active,1.0,1
464,CC[C@@H](C(=O)Nc1ccc(C(=O)Nc2ccc(F)cc2N)cc1)c1ccccc1,142489328,1.2,Active,0.0,1
724,COc1ccc(NCc2ccc(C(=O)Nc3ccccc3N)cc2)cc1OC,15984110,0.5,Active,1.0,1
655,O=C(NO)c1ccc(CNCc2nc(-c3ccc(Cl)cc3)no2)cc1,46190557,8.52,Active,0.0,1
769,CCn1c(SCCCCCC(=O)O)nnc1-c1ccncc1,164616422,,Unspecified,0.0,1
560,CC1(C)CC(=O)Nc2ccc(C(=O)NCc3cccc(/C=C/C(=O)NO)c3)cc21,86581432,0.1,Active,1.0,1
460,C[C@H](C(=O)Nc1ccc(C(=O)Nc2ccc(F)cc2N)cc1)c1ccccc1,142489344,3.4,Active,0.0,1
137,CCC(=O)CCCCC[C@H](NC(=O)[C@H]1CC12CCN(C)CC2)c1ncc(-c2ccc(-c3cccnc3)nc2)[nH]1,162654928,0.022,Active,1.0,2
674,O=CN(O)CCCCCNC(=O)c1ccc2ccccc2c1,44359681,1.4,Active,0.0,1
641,COc1ccc(-c2noc(CCCCCCC(=O)Nc3ccccc3N)n2)cc1,46203618,3.85,Active,0.0,1
214,O=C(NO)c1ccc(C(=O)NCCCN2c3ccccc3CCc3ccc(Cl)cc32)cc1,156015873,8.62,Active,0.0,1
199,CCC(=O)CCCCC[C@H](NC(=O)[C@@H]1C[C@]12CCN(C)C2)c1ncc(-c2cc3ccccc3nc2OC)[nH]1,156019913,0.0187,Active,1.0,1
769,Fc1cccc2c1SC(=S)N1CCCN=C21,129104374,,Unspecified,0.0,1
346,Nc1ccccc1NC(=O)CCCCCNc1ccccc1,155513171,1.3,Active,0.0,1
341,CC(C)C[C@H](NC(=O)CNC(=O)c1ccc(C(=O)Nc2ccccc2N)cc1)B1O[C@@H]2[C@@H]3C[C@H](C[C@]2(C)O1)C3(C)C,155514649,8.18,Active,0.0,1
690,Cl.Cn1cc(CNCC2CCN(c3ncc(C(=O)NO)cn3)CC2)c2ccccc21,25067557,0.0011,Active,1.0,1
643,Nc1ccccc1NC(=O)CCCCCCc1nc(-c2ccccc2)no1,46203315,0.73,Active,1.0,1
540,Nc1ccccc1NC(=O)c1ccc(CNCc2nc(-c3ccccc3Cl)no2)cc1,118735155,0.32,Active,1.0,1
769,Cc1[nH]c2ccccc2c1CCNCc1ccc(C=CC(=O)NN(C)C)cc1.O=C(O)C(F)(F)F,155552802,,Unspecified,0.0,1
144,CCC(=O)CCCCC[C@H](NC(=O)[C@H]1CC12CCN(CC)CC2)c1ncc(-c2cc(C(C)C)ccc2OC)[nH]1,162653885,0.076,Active,1.0,1
36,Cn1c(SCCCCCC(=O)NO)nnc1-c1ccncc1,164611431,0.09,Active,1.0,1
185,COc1ccc2c(c1)c(-c1[nH]c3ccccc3c1N=O)c(O)n2Cc1ccc(C(=O)NO)cc1,156901834,0.031,Active,1.0,1
769,Cc1ccc2c(c1)SC(=S)N1CCCN=C21,44623152,,Unspecified,0.0,1
769,Cn1c(SCCCCCC(=O)Nc2ccccc2N)nnc1-c1ccncc1,164624585,,Unspecified,0.0,1
394,Nc1ccccc1NC(=O)c1ccc(CSC(=S)N2CCc3ccccc3C2)cc1,145988041,3.23,Active,0.0,1
769,O=C(CCn1cc(Nc2ncc(Cl)c(Nc3ccc(F)cc3)n2)cn1)NO,141728810,,Unspecified,0.0,1
769,Cc1c2ccc(N(C)c3ccnc(Nc4ccc(C(=O)NCCC(=O)NO)cc4)n3)cc2nn1C,145970971,,Unspecified,0.0,1
5,O=C(NO)c1ccc(CN2c3ccccc3Sc3ccc(C(=O)Nc4ccc(Br)cn4)cc32)cc1,164626486,0.03,Active,1.0,1
769,O=C(NO)c1ccc(CNCc2nc(-c3ccc(C(F)(F)F)cc3)no2)cc1,46190610,,Unspecified,0.0,1
81,O=C(CCCCCCC(=O)Nc1n[nH]c2cc(-c3ccccc3F)ccc12)NO,162667002,0.0044,Active,1.0,1
19,Cc1ccc(-c2nc(CNc3ccc(C(=O)NO)cc3)n(-c3ccccc3)n2)s1,164618637,0.224,Active,1.0,1
85,COc1cccc(-c2ccc3c(NC(=O)C4CCC(C(=O)NO)CC4)n[nH]c3c2)c1,162665376,4.63,Active,0.0,1
526,CCOc1cc(NC(=O)CCCCCC(=O)Nc2ccccc2N)cc2c1OCC([N+](=O)[O-])=C2,132576542,0.759,Active,1.0,1
211,O=C(CCCCCCCC(=O)NCCCN1c2ccccc2CCc2ccc(Cl)cc21)NO,156016469,2.74,Active,0.0,1
703,CCCCCCCC(=O)SCCC=CC1CC(=O)NCc2nc(cs2)C2=NC(C)(CS2)C(=O)NC(C(C)C)C(=O)O1,24757913,1.52,Active,0.0,1
658,Cc1ccc(-c2noc(CCCCCCC(=O)C(F)(F)F)n2)cc1,46187891,7.32,Active,0.0,1
769,COc1nc2ccccc2cc1-c1cnc(CNC(=O)C2CN(C)C2)[nH]1,164614621,,Unspecified,0.0,2
171,O=C(/C=C/c1ccc(COc2ccc(-c3csc(-n4[nH]c(-c5ccccc5)c(N=Nc5nccs5)c4=O)n3)cc2)cc1)NO,162643761,0.2437,Active,1.0,1
769,O=C(O)c1ccc(-c2csc(-n3[nH]c(-c4ccccc4)c(N=Nc4nccs4)c3=O)n2)cc1,137353054,,Unspecified,0.0,1
459,COc1cc2c(NCc3ccc(C(=O)NO)cc3)cc(-c3ccc(C)o3)nc2cc1OCCCN1CCCC1,142495304,0.06,Active,1.0,1
618,O=C(NO)c1cnc(N2CC3C(C2)C3NCc2ccc3cc(F)ccc3n2)nc1,49857317,0.004,Active,1.0,1
619,O=C(NO)c1cnc(N2CC3C(C2)C3NCc2ccc(Cl)cc2)nc1,49856931,0.014,Active,1.0,1
123,CCCCN(Cc1ccc(C(=O)NO)cc1)C(=O)Nc1ccc(CN)cc1,162657468,0.281,Active,1.0,1
769,CC(C)[C@H](NS(=O)(=O)c1cccc(C(=O)NO)c1)C(=O)Nc1ccccc1,145970091,,Unspecified,0.0,2
763,O=C(NO)c1ccccc1,10313,7.91,Active,0.0,1
509,CCCCC(CCCC(=O)NO)CCC(=O)Nc1ccccc1,137641520,1.3,Active,0.0,1
769,O=C(CCCCCC(OCc1ccc(Br)cc1)C(=O)Nc1ccccc1)NO,25066135,,Unspecified,0.0,1
769,Fc1ccc2c(c1)C1=NCCN1C(=S)S2,155515602,,Unspecified,0.0,1
292,CC(C)C[C@H](NC(=O)[C@H](Cc1c[nH]c2ccccc12)NC(=O)c1ccc(/C=C/C(=O)NO)cc1)B1O[C@@H]2[C@@H]3C[C@H](C[C@]2(C)O1)C3(C)C,155544266,0.0184,Active,1.0,1
569,O=C(CCCCCC(=O)NN=Cc1ccc(-c2ccncc2)cc1)NO,73707543,0.0142,Active,1.0,1
287,Cc1noc(C)c1-c1nc2sc3c(c2c(=O)[nH]1)CCN(CCCCCC(=O)NO)C3,155545907,0.135,Active,1.0,1
684,O=C(CCc1ccc(-c2ccc(O)cc2)cc1)NO,42630929,1.7,Active,0.0,1
230,CN(C)S(=O)(=O)c1ccc(NCCCCCC(=O)NO)c2nonc12,156012347,0.281,Active,1.0,2
180,CCC(=O)CCCCC[C@H](NC(=O)[C@H]1CC12CCN(C)CC2)c1ncc(-c2cnc3ccccc3c2)[nH]1,162506674,0.00325,Active,1.0,2
694,COC(CCCCCC(=O)NO)C(=O)Nc1ccccc1,25065930,0.5,Active,1.0,1
7,CCCC[C@H](NC(=O)Cc1c[nH]c2ccccc12)c1ncc(-c2cc3ccccc3nc2OC)[nH]1,164625922,2.7,Active,0.0,1
239,CCC(=O)CCCCC[C@H](NC(=O)[C@H]1CC12CCCN(C)C2)c1ncc(-c2cc3ccccc3nc2OC)[nH]1,156009802,0.0185,Active,1.0,1
295,O=C(/C=C/c1ccc(CONC(=O)c2nccc3ccccc23)cc1)NO,155543375,3.23,Active,0.0,2
87,COc1cccc(-c2ccc3c(NC(=O)CCCCCC(=O)NO)n[nH]c3c2)c1,162665208,0.063,Active,1.0,1
769,O=C(NO)c1ccc(CNCCCN2c3ccccc3CCc3ccc(Cl)cc32)cc1,156012912,0.0,Inactive,0.0,1
109,CCC(=O)CCCCC[C@H](NC(=O)[C@H]1CC12CCN(C)CC2)c1[nH]c(-c2ccc3nn(C)cc3c2)nc1C#N,162660526,0.190366667,Active,1.0,3
4,CCCC[C@H](NC(=O)[C@H](CN)c1c(C)[nH]c2ccc(OC)cc12)c1ncc(-c2cc3ccccc3nc2OC)[nH]1,164627330,2.00525,Active,0.0,4
243,CN1CCC(C(=O)N[C@@H](CCCCCC(=O)c2nccs2)c2ncc(-c3ccc(F)cc3)[nH]2)CC1,155925141,1.412,Active,0.0,2
226,COc1nc2ccccc2cc1-c1cnc([C@@H](N)CCCCCC(=O)c2cnoc2C)[nH]1,156013288,1.3,Active,0.0,1
118,CCC(=O)CCCCC[C@H](NC(=O)[C@H]1CC12CCN(C)CC2)c1[nH]c(-c2ccc3nc(C)ccc3c2)nc1C#N,162658517,0.067833333,Active,1.0,3
691,COc1ccc(COC(CCCCCC(=O)NO)C(=O)Nc2ccc(OC)cc2)cc1,25066350,0.5,Active,1.0,1
125,CCOC(=O)c1cc2cc(OC)c(-c3cnc([C@H](CCCCCC(=O)CC)NC(=O)[C@H]4CC45CCN(CC)CC5)[nH]3)cc2o1,162657089,0.0091,Active,1.0,1
77,COc1cccc(-c2ccc3c(NC(=O)CCCCCCC(=O)NO)n[nH]c3c2)c1,162668465,0.0039,Active,1.0,1
307,Cc1cc(-c2nc3sc4c(c3c(=O)[nH]2)CCN(C)C4)cc(C)c1OCc1ccc(C(=O)Nc2ccccc2N)cc1,155535585,0.14,Active,1.0,1
769,S=C1Sc2ccc(I)cc2C2=NCCN12,155546632,,Unspecified,0.0,1
289,Cc1cc(-c2nc3sc4c(c3c(=O)[nH]2)CCN(CCCCCC(=O)NO)C4)cc(C)c1O,155545446,0.136,Active,1.0,1
347,Cc1cc(C)cc(SCc2ccc(C(=O)Nc3ccccc3N)cc2)c1,155513116,0.139,Active,1.0,1
730,COc1ccc2[nH]c(C)c(CC(=O)NC(CCCCCC(N)=O)c3ncc(-c4ccc5ccccc5c4)[nH]3)c2c1,11657529,0.16,Active,1.0,1
80,O=C(CCCCCCC(=O)Nc1n[nH]c2cc(-c3ccc(Cl)cc3)ccc12)NO,162667220,0.0036,Active,1.0,1
73,O=C(/C=C/c1ccc(CNC(=O)c2ccc(-c3csc(-n4[nH]c(-c5ccccc5)c(N=Nc5nccs5)c4=O)n3)cc2)cc1)NO,162669606,1.3415,Active,0.0,1
392,CCCN(Cc1ccc(C(=O)NO)cc1)C(=O)c1cc2c([nH]c3ccccc32)c(-c2cccc(OC)c2)n1,145989067,0.23,Active,1.0,1
139,CCOc1ncc(-c2cnc([C@H](CCCCCC(=O)CC)NC(=O)[C@H]3CC34CCN(C)CC4)[nH]2)cn1,162654449,0.666,Active,1.0,2
257,Cc1noc(C)c1-c1nc2sc3c(c2c(=O)[nH]1)CCN(CC(=O)Nc1ccccc1N)C3,155561539,0.352,Active,1.0,1
440,O=C(NO)c1ccc(-c2ccnc(Nc3ccc(N4CCOCC4)cc3)n2)cc1,145958641,1.704,Active,0.0,1
335,Cc1cc(C)cc(CNC(=O)CN(CCCCCC(=O)Nc2ccccc2N)C(=O)c2cc(C)cc(C)c2)c1,155517418,4.1,Active,0.0,1
769,C=CCn1c(SCc2ccc(C(=O)NO)cc2)nnc1-c1ccncc1,164619368,,Unspecified,0.0,1
291,Cc1cc(C)cc(NC(=O)NOCc2ccc(/C=C/C(=O)NO)cc2)c1,155544609,1.33,Active,0.0,2
486,O=C(CCCCCCn1cc(Nc2ncc(Cl)c(NC3CC3)n2)cn1)NO,141728840,0.013,Active,1.0,1
52,COc1ccc(CNc2nc(N)nc3c2ccn3Cc2ccc(C(=O)Nc3ccccc3N)cc2)cc1,162674252,0.407,Active,1.0,1
143,COc1cc2nc3ccccc3c(Nc3ccc(C(=O)NO)cc3)c2c(OC)c1OC,162653917,0.81,Active,1.0,1
66,Nc1nc(Cl)c2ccn(Cc3ccc(C(=O)Nc4cc(F)ccc4N)cc3)c2n1,162671387,1.15,Active,0.0,1
311,CCCNNC(=O)c1ccc(NC(=O)c2ccccc2)cc1,155531159,0.4741,Active,1.0,1
769,O=C(NO)c1cccc(C(=O)Nc2ccccc2)c1,71680916,,Unspecified,0.0,1
527,CCOc1cc(NC(=O)CCCCCC(=O)Nc2cc(-c3ccc(C)s3)ccc2N)cc2c1OCC([N+](=O)[O-])=C2,132576541,1.788,Active,0.0,1
769,Cc1c2ccc(N(C)c3ccnc(Nc4ccc(C(=O)NCC(=O)NO)cc4)n3)cc2nn1C,137487458,,Unspecified,0.0,1
769,N#Cc1ccc2c(c1)SC(=S)N1CCN=C21,155562249,,Unspecified,0.0,1
446,COc1cccc(-n2nc(C(=O)NCC(=O)NO)nc2-c2cc(OC)c(OC)c(OC)c2)c1,145952135,0.263,Active,1.0,1
21,O=C(NO)c1ccc(CN2c3ccccc3Sc3ccc(C(=O)Nc4ccccn4)cc32)cc1,164617889,0.04,Active,1.0,1
414,CS(=O)(=O)Nc1ccc(-c2ccnc(Nc3ccc(N4CCC(C(=O)Nc5ccc(/C=C/C(=O)NO)cc5)CC4)cc3)n2)cc1,145971681,7.472,Active,0.0,1
769,O=CN(O)CCCCCCC(=O)Nc1ccccc1,44359675,,Unspecified,0.0,1
92,O=C(CCCCCCC(=O)Nc1n[nH]c2cc(-c3ccccc3)ccc12)NO,162664613,0.0131,Active,1.0,1
705,C#CCOc1ccc(/C=N/NC(=O)CCCCCCC(=O)NO)cc1,23818230,0.0021,Active,1.0,1
339,S=C1Sc2cccc(I)c2C2=NCCCN12,155515864,8.1,Active,0.0,1
126,O=C(Cc1ccc(Nc2c3ccccc3nc3ccccc23)cc1)NO,162656816,2.07,Active,0.0,1
48,CCC(=O)CCCCC[C@H](NC(=O)[C@H]1CC12CCN(C)CC2)c1[nH]c(-c2ccc(C(F)(F)F)cc2)nc1C#N,162675870,0.0992,Active,1.0,3
711,COc1ccc(NCc2ccc(C(=O)Nc3cc(-c4ccsc4)ccc3N)cc2)cc1OC,23648262,0.06,Active,1.0,1
769,O=C(NO)c1cccc(C(=O)N/N=C/c2ccccc2)c1,44507542,,Unspecified,0.0,1
296,CCCCOc1ccc(C(=O)NOCc2ccc(/C=C/C(=O)NO)cc2)cc1,155542624,5.3,Active,0.0,2
625,Nc1ccc(-c2csc3ccccc23)cc1NC(=O)c1ccccc1,46887436,10.0,Active,0.0,2
769,O=CN(O)CCCCCNC(=O)c1ccccc1,44359538,,Unspecified,0.0,1
236,N[C@@H](CCCCCC(=O)c1ccon1)c1cnn(-c2ccc(F)cc2)c1,156010930,2.1805,Active,0.0,2
768,CC(=O)Nc1ccc(C(=O)Nc2ccccc2N)cc1,2746,1.753,Active,0.0,9
660,O=C(CCCCCCc1nc(-c2ccc(C(F)(F)F)cc2)no1)C(F)(F)F,46187889,2.79,Active,0.0,1
132,CCC(=O)CCCCC[C@H](NC(=O)[C@H]1CC12CCN(CC)CC2)c1ncc(-c2c(F)cccc2OC)[nH]1,162655734,0.37,Active,1.0,1
449,O=C(CCCCCCN1C(=O)NC2(CCCc3ccccc32)C1=O)NO,145950102,0.114,Active,1.0,1
716,CC1NC(=O)C(C(C)C)NC(=O)C(C)C(CC=CCCC(=O)O)NC(=O)C(Cc2ccccc2)NC1=O,16095101,0.1,Active,1.0,1
769,CN1CCN(CCNC(=O)c2ccc(C(=O)NO)cc2)CC1,71574856,,Unspecified,0.0,1
240,O=C(NO)c1ccc(NC(=O)C2(c3ccc(Br)cc3)CCOCC2)cc1,156009684,0.017,Active,1.0,1
513,CN(C)Cc1cn(Cc2ccc(C(=O)NO)cc2)c2ccccc12,137634156,6.30957,Active,0.0,1
667,C#CCOc1ccc(/C=N/NC(=O)c2cccc(C(=O)NO)c2)cc1,44507029,6.3,Active,0.0,1
152,O=C(NO)c1ccc(Nc2ccnc3ccccc23)cc1,162652776,0.6,Active,1.0,1
769,O=C(NO)[C@H](Cc1ccccc1)n1nnc(-c2ccccc2)c1C#Cc1ccccc1,78324068,,Unspecified,0.0,1
99,CCC(=O)CCCCC[C@H](NC(=O)[C@H]1CC12CCN(CC)CC2)c1ncc(C2=CCC(C)N=C2OC)[nH]1,162663227,0.0014,Active,1.0,1
769,CC(C)C[C@H](NC(=O)CNC(=O)c1cccc(C(=O)Nc2ccccc2N)c1)B1O[C@@H]2[C@@H]3C[C@H](C[C@]2(C)O1)C3(C)C,155527858,,Unspecified,0.0,1
571,O=C(CCCCCC(=O)NN=Cc1ccc(-c2ccccn2)cc1)NO,73707535,0.0069,Active,1.0,1
757,Cc1ccc(-c2nn(-c3ccccc3)cc2C=CC(=O)Nc2ccccc2)cc1,2173124,8.75,Active,0.0,1
367,O=C(CCCCCn1cc(Nc2ncc(Cl)c(Nc3ccccc3Cl)n2)cn1)NO,150496562,0.018,Active,1.0,1
739,O=CN(O)CCCCCC(C(=O)Nc1cnc2ccccc2c1)C(=O)Nc1cnc2ccccc2c1,9891541,0.2,Active,1.0,1
501,Cc1c2ccc(N(C)c3ccnc(Nc4ccc(C(=O)Nc5ccccc5N)cc4)n3)cc2nn1C,138393067,2.755,Active,0.0,2
610,O=C(C=Cc1ccc2c(ccn2S(=O)(=O)c2ccccc2)c1)NO,53464577,0.004,Active,1.0,1
769,CCCCCCCC[C@H](NC(=O)C1CN(C)C1)c1ncc(-c2cc3ccccc3nc2OC)[nH]1,164625803,,Unspecified,0.0,2
34,C=Cc1c(C)c2cc3nc(c(C(=O)OC)c4nc(cc5[nH]c(cc1[nH]2)c(C)c5CC)C(C)=C4C(=O)OC)C(CCC(=O)Nc1ccc(C(=O)Nc2ccccc2N)cc1)C3C,164611754,2.65,Active,0.0,1
128,O=C(NO)c1ccc(Nc2c3ccccc3nc3ccc(F)cc23)cc1,162656473,0.25,Active,1.0,1
627,CC(=O)c1ccc(-c2ccc(N)c(NC(=O)c3ccccc3)c2)cc1,46887380,4.4,Active,0.0,2
266,CCCNNC(=O)c1ccc(CN(CCc2c(C)[nH]c3ccccc23)C(=O)OC(C)(C)C)cc1,155557199,0.2786,Active,1.0,1
189,O=Nc1c(-c2c(O)n(Cc3ccc(C(=O)NO)cc3)c3ccc(Cl)cc23)[nH]c2ccccc12,156901820,0.187,Active,1.0,1
769,O=C(NO)[C@H](Cc1ccccc1)n1cc(-c2ccccc2)nn1,155512415,0.0,Inactive,0.0,1
124,CCC(=O)CCCCC[C@H](NC(=O)[C@H]1CC12CCN(CC)CC2)c1ncc(-c2cc([N+](=O)[O-])ccc2OC)[nH]1,162657130,0.043,Active,1.0,1
482,O=C(CCCCCCn1cc(Nc2ncc(Cl)c(Nc3ccccc3Cl)n2)cn1)NO,141728846,0.01,Active,1.0,1
267,Nc1ccc(-c2nc(N3CCOCC3)c3cnn(CCCCCCC(=O)NO)c3n2)cc1,155555562,0.0016,Active,1.0,1
249,CC(Nc1ccccc1)c1ccc(C(=O)Nc2ccccc2N)cc1,155566833,8.3,Active,0.0,1
769,CC(C)C[C@H](NC(=O)[C@H](Cc1ccccc1)NC(=O)c1cccc(C(=O)Nc2ccccc2N)c1)B1O[C@@H]2[C@@H]3C[C@H](C[C@]2(C)O1)C3(C)C,155557106,,Unspecified,0.0,1
769,COc1nc2ccccc2cc1-c1cnc([C@H](C)NC(=O)C2CN(C)C2)[nH]1,164614437,,Unspecified,0.0,2
212,CCC(=O)CCCCC[C@H](NC(=O)[C@H]1CC12CCN(C)CC2)c1nc(-c2cc3ccccc3nc2OC)n[nH]1,156016369,0.11,Active,1.0,1
202,CCC(=O)CCCCC[C@H](NC(=O)[C@@H]1CC12CCOCC2)c1ncc(-c2cc3ccccc3nc2OC)[nH]1,156019508,0.0831,Active,1.0,1
166,CCC(=O)CCCCC[C@H](NC(=O)C12CCN(CC1)CC2)c1[nH]c(-c2ccc(F)cc2)nc1C#N,162646027,1.321633333,Active,0.0,3
769,O=C(NO)c1ccc(CNC(=O)c2c(F)c(F)c(F)c(F)c2F)cc1,155155878,,Unspecified,0.0,1
412,Cc1c2ccc(N(C)c3ccnc(Nc4ccc(C(=O)NCCCCC(=O)NO)cc4)n3)cc2nn1C,145974167,0.68,Active,1.0,1
609,COc1ccc(S(=O)(=O)n2ccc3cc(C=CC(=O)NO)ccc32)cc1,53464578,0.3618,Active,1.0,1
364,Cc1cc(-c2nc3sc4c(c3c(=O)[nH]2)CCN(C)C4)cc(C)c1OCCOCc1ccc(/C=C/C(=O)NO)cc1,152636346,0.085,Active,1.0,1
546,Nc1ccccc1NC(=O)c1ccc(CNCc2nc(-c3ccc(C(F)(F)F)cc3)no2)cc1,118735149,5.93,Active,0.0,1
62,O=C(CCCCCCC(=O)Nc1n[nH]c2cc(-c3cccc(Cl)c3)ccc12)NO,162671591,0.004,Active,1.0,1
64,O=C(CCCCCCC(=O)Nc1n[nH]c2cc(-c3ccccc3Cl)ccc12)NO,162671485,0.0052,Active,1.0,1
769,O=C(NO)c1cccc(S(=O)(=O)NCCc2ccccc2)c1,145970292,,Unspecified,0.0,2
265,CCCNNC(=O)c1ccc(CN(Cc2ccccc2)C(=O)OC(C)(C)C)cc1,155557418,0.5793,Active,1.0,1
470,CC(C)[C@@H](C(=O)Nc1ccc(C(=O)Nc2ccc(F)cc2N)cc1)c1ccccc1,142489314,1.8,Active,0.0,1
351,CCCNNC(=O)c1ccc(OCc2ccccc2)cc1,155511274,0.1746,Active,1.0,1
206,COc1nc2ccccc2cc1-c1cnc([C@@H](N)CCCCCC(=O)c2ccn[nH]2)[nH]1,156018320,0.7,Active,1.0,1
159,CCC(=O)CCCCC[C@H](NC(=O)[C@H]1CC12CCN(C)CC2)c1[nH]c(-c2cccnc2OC)nc1C#N,162651205,1.336666667,Active,0.0,3
769,Nc1ccccc1NC(=O)CCCCCCc1nc(-c2ccc(C(F)(F)F)cc2)no1,46203619,,Unspecified,0.0,1
18,CCCC[C@H](NC(=O)[C@H](C)c1c(C)[nH]c2ccc(OC)cc12)c1ncc(-c2cc3ccccc3nc2OC)[nH]1,164619017,0.21,Active,1.0,2
107,CCC(=O)CCCCC[C@H](NC(=O)[C@H]1CC12CCN(C)CC2)c1[nH]c(-c2cc3ccccc3nc2OC)nc1C#N,162661059,0.692,Active,1.0,3
439,CS(=O)(=O)Nc1ccc(-c2ccnc(Nc3ccc(N4CCC(C(=O)NCCCCCCCC(=O)NO)CC4)cc3)n2)cc1,145959360,0.132,Active,1.0,1
381,CN1CC(C(=O)N[C@@H](CCCCCC(=O)c2ccon2)c2nnc(-c3ccccc3F)o2)C1,146317278,1.1005,Active,0.0,2
24,Cl.O=C(NO)c1ccc(CN2c3ccccc3Sc3ccccc32)nc1,164617135,1.962,Active,0.0,1
395,CCCN(Cc1ccc(C(=O)NO)cc1)C(=O)c1cc2c([nH]c3ccccc32)c(C)n1,145987823,0.85,Active,1.0,1
300,CCCCCCCC(=O)SCCC=C(F)C1CC(=O)NCc2nc(cs2)C2=NC(C)(CS2)C(=O)NC(C(C)C)C(=O)O1,155538765,1.817,Active,0.0,1
769,O=C(/C=C/c1ccc(CONC(=O)Nc2cccc3ccccc23)cc1)NO,155560660,,Unspecified,0.0,2
386,Nc1ccccc1NC(=O)c1ccc(CNC(=O)OCc2ccc(OCCOc3no[n+]([O-])c3S(=O)(=O)c3ccccc3)nc2)cc1,145993051,0.37,Active,1.0,1
407,COc1cc2ccn(CCOc3ccc(NC(=O)CCCCCCC(=O)NO)cc3)c2cc1OC,145977717,0.0166,Active,1.0,1
442,COc1cccc(-n2nc(C(=O)NCCCCCC(=O)NO)nc2-c2cc(OC)c(OC)c(OC)c2)c1,145955496,0.232,Active,1.0,1
590,Cc1ccc(-c2nn(-c3ccccc3)cc2C=CC(=O)Nc2ccc(Br)cc2)cc1,70688346,5.02,Active,0.0,1
32,Cc1ccc(NC(=O)c2ccc3c(c2)N(Cc2ccc(C(=O)NO)cc2)c2ccccc2S3)nc1,164613147,0.08,Active,1.0,1
90,O=C(CCCCCCC(=O)Nc1n[nH]c2cc(-c3cccc(C(F)(F)F)c3)ccc12)NO,162664847,0.005,Active,1.0,1
309,CC(C)C1NC(=O)C2(C)CSC(=N2)c2csc(n2)CNC(=O)CC(C=CC(F)(F)CS)OC1=O,155532640,0.01849,Active,1.0,1
333,COc1ccc(SCc2ccc(C(=O)Nc3ccccc3N)cc2)cc1,155518496,0.205,Active,1.0,1
325,CC(C)C[C@H](NC(=O)[C@H](Cc1ccccc1)NC(=O)c1ccc(C(=O)NO)cc1)B1O[C@@H]2[C@@H]3C[C@H](C[C@]2(C)O1)C3(C)C,155525899,3.3,Active,0.0,1
47,CCC(=O)CCCCC[C@H](NC(=O)[C@H]1CC12CCN(C)CC2)c1[nH]c(-c2ccc(F)cc2F)nc1C#N,162676078,0.882666667,Active,1.0,3
402,CCCN(Cc1ccc(C(=O)NO)cc1)C(=O)c1cc2c(cn1)[nH]c1ccccc12,145980924,2.82,Active,0.0,1
608,O=C(C=Cc1ccc2c(ccn2S(=O)(=O)c2ccc(F)cc2)c1)NO,53464579,0.1994,Active,1.0,1
713,Nc1ccc(-c2cccs2)cc1NC(=O)c1ccc(CNC(=O)OCc2cccnc2)cc1,23648260,0.053,Active,1.0,2
729,Nc1ccccc1NC(=O)c1ccc(CN(CCO)Cc2ccc3c(c2)OCO3)cc1,11690271,3.36,Active,0.0,1
769,COc1nc2ccccc2cc1-c1nnc([C@H](CCCCNC(=O)c2ccccc2SC)NC(=O)c2cncs2)o1,162661908,,Unspecified,0.0,1
769,Cc1ccc2c(c1)SC(=S)N1CCN=C21,155566461,,Unspecified,0.0,1
642,Cc1ccc(-c2noc(CCCCCCC(=O)Nc3ccccc3N)n2)cc1,46203316,0.68,Active,1.0,1
480,O=C(CCCCCCn1cc(Nc2ncc(Cl)c(N3CCCCC3)n2)cn1)NO,141728860,0.04,Active,1.0,1
769,Cc1c2ccc(N(C)c3ccnc(Nc4ccc(C(=O)NCCCC(=O)Nc5ccccc5N)cc4)n3)cc2nn1C,141504712,,Unspecified,0.0,1
689,O=C(CCCCCC(=O)NN=Cc1ccc(-c2ccccc2)cc1)NO,25118059,0.0021,Active,1.0,1
769,COC(=O)c1ccc2ccccc2c1OCCCCCCCCS,155565698,0.0,Inactive,0.0,1
43,CN1CCN(c2nc(-c3ccc(C(=O)NO)cc3)nc3cc(Cl)ccc23)CC1,163322242,0.3743,Active,1.0,1
336,CCCNNC(=O)C=Cc1ccc(CNCCc2c(C)[nH]c3ccccc23)cc1.O=C(O)C(F)(F)F,155517175,0.0495,Active,1.0,1
349,CN(C)c1cccc2c(S(=O)(=O)N(CCCCCC(=O)NO)CC(=O)NCc3ccccc3)cccc12,155512401,0.081,Active,1.0,1
769,O=C(/C=C/c1cccnc1)NCc1ccc(C(=O)Nc2ccccc2)cc1,155546207,,Unspecified,0.0,1
234,CN(C)c1ccc(C2(C(=O)Nc3ccc(C(=O)NO)cc3)CCCC2)cc1,156011452,0.049,Active,1.0,1
191,CCC(=O)CCCCC[C@H](NC(=O)[C@H]1CC12CCN(C(C)C)CC2)c1ncc(-c2cc3ccccc3nc2OC)o1,156022127,0.0177,Active,1.0,1
677,O=CN(O)CCCCCCCC(=O)Nc1ccc2ccccc2c1,44359547,0.89,Active,1.0,1
127,Nc1ccccc1NC(=O)c1ccc(NC(=O)CCCCNC(=O)CNc2cccc3c2C(=O)N(C2CCC(=O)NC2=O)C3=O)cc1,162656750,0.62,Active,1.0,1
769,Cc1c2ccc(N(C)c3ccnc(Nc4ccc(C(=O)NCC(=O)Nc5ccccc5N)cc4)n3)cc2nn1C,137487451,,Unspecified,0.0,1
769,Cc1[nH]c2ccccc2c1CCNCc1ccc(C=CC(=O)NN2CCCC2)cc1.O=C(O)C(F)(F)F,155522601,,Unspecified,0.0,1
133,O=C(CCCCCCOc1ccc(-c2csc(-n3[nH]c(-c4ccccc4)c(N=Nc4nccs4)c3=O)n2)cc1)NO,162655464,0.0408,Active,1.0,1
769,S=C1Sc2ccccc2C2=NCCN12,14113324,,Unspecified,0.0,1
769,O=C(NO)c1cccc(Nc2c3ccccc3nc3ccccc23)c1,162653512,,Unspecified,0.0,1
317,CC(C)C[C@H](NC(=O)[C@H](Cc1c[nH]c2ccccc12)NC(=O)c1cccc(C(=O)NO)c1)B1O[C@@H]2[C@@H]3C[C@H](C[C@]2(C)O1)C3(C)C,155529223,1.43,Active,0.0,1
769,O=C(CCC(CCCC(=O)Nc1ccccc1)c1ccccc1)NO,145994016,,Unspecified,0.0,2
433,Cc1cc(-c2ccc(F)cc2)n(Cc2ccc(C(=O)NO)cc2)n1,145967593,1.974,Active,0.0,1
432,Cc1cc(-c2ccc3c(c2)OCO3)n(Cc2ccc(C(=O)NO)cc2)n1,145967610,0.135,Active,1.0,1
769,Cc1c2ccc(N(C)c3ccnc(Nc4ccc(C(=O)NO)cc4)n3)cc2nn1C,137487425,,Unspecified,0.0,1
316,CC(C)C[C@H](NC(=O)[C@H](Cc1c[nH]c2ccccc12)NC(=O)c1cccc(/C=C/C(=O)NO)c1)B1O[C@@H]2[C@@H]3C[C@H](C[C@]2(C)O1)C3(C)C,155529608,0.0108,Active,1.0,1
635,Nc1ccc(-c2ccoc2)cc1NC(=O)c1ccccc1,46830327,0.4245,Active,1.0,2
578,O=C(NO)c1cccc(C(=O)NCCc2ccccc2)c1,71680913,7.85,Active,0.0,2
28,Cn1c(SCCCCCC(=O)O)nnc1-c1ccncc1,164614861,7.36,Active,0.0,1
692,COc1ccc(NC(=O)C(CCCCCC(=O)NO)OCc2ccccc2)cc1,25066140,0.5,Active,1.0,1
157,Nc1cccc(F)c1C(=O)NCCCC[C@H](NC(=O)c1cncs1)c1ncc(-c2ccc3ccccc3c2)[nH]1,162651646,0.4505,Active,1.0,2
493,O=C(CCCCCCn1cc(Nc2ncc(Cl)c(N3CCOCC3)n2)cn1)NO,141728811,0.037,Active,1.0,1
549,Nc1ccccc1NC(=O)c1ccc(CNCc2nc(-c3ccccc3)no2)cc1,118735146,0.53,Active,1.0,1
131,CCC(=O)CCCCC[C@H](NC(=O)[C@H]1CC12CCN(CC)CC2)c1ncc(-c2ccc(C(=O)Nc3cc(C(F)(F)F)ccn3)cc2OC)[nH]1,162655735,0.087,Active,1.0,1
695,O=C(CCCCCC(O)C(=O)Nc1ccccc1)NO,25065929,0.5,Active,1.0,1
334,CC(C)C1NC(=O)C2(C)CSC(=N2)c2csc(n2)CNC(=O)CC(C(F)=CCCS)NC1=O,155518327,0.00742,Active,1.0,1
621,Nc1ccc(-c2ccc(C(F)(F)F)cc2)cc1NC(=O)c1ccccc1,46887476,3.8,Active,0.0,1
26,NC(=O)c1ccc2c(c1)N(Cc1ccc(C(=O)NO)cc1)c1ccccc1S2=O,164616061,1.69,Active,0.0,1
431,Cc1ccc(-c2cc(C(F)(F)F)nn2CCc2ccc(C(=O)NO)cc2)cc1,145967698,0.635,Active,1.0,1
640,Nc1ccccc1NC(=O)CCCCCCc1nc(-c2ccc(Cl)cc2)no1,46203620,6.29,Active,0.0,1
564,O=C(CCCCCCNC(=O)c1ccc2c(c1)CCC(=O)N2)NO,86581004,0.02,Active,1.0,1
769,O=C(N[C@@H](CCCCNC(=O)c1ccccc1S)c1ncc(-c2ccc3ccccc3c2)[nH]1)c1cncs1,162648180,,Unspecified,0.0,2
769,S=C1Sc2cccc(I)c2C2=NCCN12,155566122,,Unspecified,0.0,1
769,C[C@H](NS(=O)(=O)c1cccc(C(=O)NO)c1)C(=O)Nc1ccccc1,145966296,,Unspecified,0.0,2
398,Nc1ccccc1NC(=O)c1ccc(CSC(=S)N2CCN(c3ccncc3)CC2)cc1,145985400,0.47,Active,1.0,1
538,O=C(CCCCCN1C(=O)c2cccc3c(N4CCOCC4)ccc(c23)C1=O)NO,122376192,0.0256,Active,1.0,1
761,CCCC(=O)NO,419176,9.0,Active,0.0,1
568,O=C(CCCCCC(=O)NN=Cc1ccc(-c2cncnc2)cc1)NO,73707544,0.021,Active,1.0,1
308,CN(C)Cc1nn(Cc2ccc(C(=O)NO)cc2)c2ccccc12,155534222,7.94328,Active,0.0,1
481,O=C(CCCCCCn1cc(Nc2ncc(F)c(Nc3ccc(F)cc3)n2)cn1)NO,141728855,0.003,Active,1.0,1
769,COc1ccc2c(c1)SC(=S)N1CCN=C21,155539319,,Unspecified,0.0,1
657,O=C(CCCCCCc1nc(-c2ccccc2)no1)C(F)(F)F,46188075,1.05,Active,0.0,1
769,CC(C)(C)Nc1c(-c2ccc(-c3noc(C(F)(F)F)n3)cc2)nc2ccccn12,164611293,,Unspecified,0.0,1
523,Nc1ccccc1NC(=O)c1ccc(COc2ccc(F)cc2)cc1,134224487,0.57,Active,1.0,1
769,O=CN(O)CCCCCC(=O)Nc1ccccc1,44359788,,Unspecified,0.0,1
722,O=C(/C=C/c1ccc(-c2ccc(CO)cc2)cc1)NO,15986506,0.22,Active,1.0,1
55,O=C(NO)c1ccc(Nc2c3ccccc3nc3ccc(Br)cc23)cc1,162673723,0.39,Active,1.0,6
51,CCC(=O)CCCCC[C@H](NC(=O)[C@H]1CC12CCN(CC)CC2)c1ncc(-c2cc(C#N)ccc2OC)[nH]1,162674484,0.062,Active,1.0,1
614,O=C(CCCCCCNC(=O)c1cnc(N(c2ccccc2)c2ccccc2Cl)nc1)NO,53340426,0.318,Active,1.0,2
769,O=C(CCCCCCc1nc(-c2ccc(F)cc2)no1)C(F)(F)F,122180003,,Unspecified,0.0,1
533,O=C(NO)c1ccc(CN2CCCc3cc(Cl)ccc32)cc1,130345472,0.282,Active,1.0,1
141,CCC(=O)CCCCC[C@H](NC(=O)[C@H]1CC12CCN(C)CC2)c1ncc(C2=CC(=O)N(C)CC2)[nH]1,162654159,1.625,Active,0.0,2
709,COc1ccc(NCc2ccc(C(=O)Nc3cc(-c4cccs4)ccc3O)cc2)cc1OC,23648266,0.06,Active,1.0,1
254,CCn1c(SCc2ccc(C=CC(=O)Nc3ccccc3N)cc2)nc2cc(OC)ccc2c1=O,155563558,0.18,Active,1.0,1
519,Nc1cc(F)ccc1NC(=O)c1ccc(NC(=O)Cc2ccc(C(F)(F)F)cc2)cc1,137353141,1.3,Active,0.0,1
415,O=C(NO)c1ccc(CN(CCCCO)C(=O)Nc2ccccc2)cc1,145971506,0.268,Active,1.0,1
359,Cc1cc(-c2nc3sc4c(c3c(=O)[nH]2)CCN(C)C4)cc(C)c1OCCCCCC(=O)NO,153534005,0.058,Active,1.0,1
246,CCCC[C@H](NC(=O)[C@H](C)c1c(C)[nH]c2ccc(O)cc12)c1ncc(-c2cc3ccccc3nc2OC)[nH]1,155907156,1.40675,Active,0.0,4
293,CC(C(=O)NOCc1ccc(/C=C/C(=O)NO)cc1)(c1ccccc1)c1ccccc1,155543511,4.075,Active,0.0,2
31,O=C(NO)c1ccc(CN2C(=O)CN(Cc3ccc(Cl)cc3)C2=O)cc1,164613482,1.082,Active,0.0,2
503,Nc1ccccc1NC(=O)c1ccc(NC(=O)CN2C(=O)C3(OCCO3)c3cc(Br)ccc32)cc1,137659898,0.128,Active,1.0,1
281,Nc1ccccc1NC(=O)CCCCNC(=O)c1ccccc1,155547009,8.1,Active,0.0,1
478,CCCNc1nc(Nc2cnn(CCCCCCC(=O)NO)c2)ncc1Cl,141728871,0.026,Active,1.0,1
769,O=C(N[C@@H](CCCCNC(=O)c1ccccc1OCC(F)(F)F)c1ncc(-c2ccc3ccccc3c2)[nH]1)c1cncs1,162650606,,Unspecified,0.0,1
562,O=C(CCCCCCC(=O)Nc1ccc2c(c1)CCC(=O)N2)NO,86581152,0.018,Active,1.0,1
306,O=C(NO)c1ccc(CN2c3ccccc3Sc3ccc(C(F)(F)F)cc32)cc1,155535974,0.84,Active,1.0,1
592,O=C(C=Cc1cn(-c2ccccc2)nc1-c1ccc([N+](=O)[O-])cc1)Nc1ccc(Cl)cc1,70686231,0.57,Active,1.0,1
332,CCNC(=O)NOCc1ccc(/C=C/C(=O)NO)cc1,155518725,6.85,Active,0.0,1
769,Nc1cccnc1C(=O)NCCCC[C@H](NC(=O)c1cncs1)c1ncc(-c2ccc3ccccc3c2)[nH]1,162667143,,Unspecified,0.0,2
769,CC[C@H](Nc1ncnc2nc[nH]c12)c1nc2cccc(CNc3ncc(C(=O)NO)cn3)c2c(=O)n1-c1ccccc1,142506225,,Unspecified,0.0,1
275,CN(C)c1cccc2c(S(=O)(=O)N(CC(=O)NCc3ccccc3)Cc3ccc(C(=O)Nc4ccccc4N)cc3)cccc12,155551780,0.668,Active,1.0,1
458,COc1cc2nc(-c3ccc(C)o3)cc(NCC3CCC(C(=O)NO)CC3)c2cc1OC,142495322,0.274,Active,1.0,1
469,Nc1cc(F)ccc1NC(=O)c1ccc(NC(=O)Cc2ccc(F)cc2)cc1,142489316,2.7,Active,0.0,1
769,CCc1ccccc1C(=O)NCCCC[C@H](NC(=O)c1cncs1)c1ncc(-c2ccc3ccccc3c2)[nH]1,162667926,,Unspecified,0.0,1
603,Nc1cc(F)ccc1NC(=O)C=Cc1cnn(CC=Cc2ccccc2)c1,56650312,9.7,Active,0.0,1
356,CCC(=O)CCCCC[C@H](NC(=O)C1CCC2(CC1)CN(C)C2)c1ncc(-c2cc3ccccc3nc2OC)[nH]1,153582288,0.0036,Active,1.0,1
769,CCCCCCCCCCCCCCCCNNC(=O)c1cccs1,139035087,,Unspecified,0.0,1
72,CCOC(=O)C1CC1c1ccc(OC)c(-c2cnc([C@H](CCCCCC(=O)CC)NC(=O)[C@H]3CC34CCN(CC)CC4)[nH]2)c1,162669903,0.039,Active,1.0,1
583,O=C(NO)c1ccc(CC(=O)N(CCO)c2ccccc2)cc1,71532921,4.4,Active,0.0,1
219,O=C(/C=C/c1ccc(CNCCCN2c3ccccc3CCc3ccc(Cl)cc32)cc1)NO,156014407,6.62,Active,0.0,1
457,COc1cc2nc(-c3ccc(C)o3)cc(NC3CCN(c4ncc(C(=O)NO)cn4)CC3)c2cc1OC,142495358,0.409,Active,1.0,1
53,CCC(=O)CCCCC[C@H](NC(=O)[C@H]1CC12CCN(CC)CC2)c1ncc(-c2cc(F)cc(F)c2OC)[nH]1,162674059,0.027,Active,1.0,1
553,O=C(CCCCCCNC(=O)c1ccc2[nH]c(=O)ccc2c1)NO,117829458,0.025,Active,1.0,1
769,N#Cc1ccccc1C(=O)NCCCC[C@H](NC(=O)c1cncs1)c1ncc(-c2ccc3ccccc3c2)[nH]1,162653743,,Unspecified,0.0,1
315,O=C(/C=C/c1ccc(CONC(=O)c2ccccc2)cc1)NO,155529646,1.05,Active,0.0,2
213,CCC(=O)CCCCC[C@H](NC(=O)C1CC2(C1)CN(C)C2)c1ncc(-c2cc3ccccc3nc2OC)[nH]1,156016174,0.0054,Active,1.0,1
769,COc1cccc(F)c1C(=O)NCCCC[C@H](NC(=O)c1cncs1)c1ncc(-c2ccc3ccccc3c2)[nH]1,162671545,,Unspecified,0.0,2
769,O=C(NO)c1cccc(S(=O)(=O)N[C@@H](Cc2c[nH]c3ccccc23)C(=O)Nc2ccc(Cl)cc2)c1,145969144,,Unspecified,0.0,1
769,O=C(CCC(=O)NCCCN1c2ccccc2CCc2ccc(Cl)cc21)NO,156018870,0.0,Inactive,0.0,1
378,N[C@@H](CCCCCC(=O)c1ccon1)c1ncc(-c2ccccc2F)[nH]1,146317418,0.09325,Active,1.0,2
769,S=C1Sc2cccc(Cl)c2C2=NCCN12,155515284,,Unspecified,0.0,1
456,COc1cc2nc(-c3ccc(C)o3)cc(NCc3ccc(C(=O)NO)cc3)c2cc1OC,142495372,0.091,Active,1.0,1
632,Nc1ccc(-c2nccs2)cc1NC(=O)c1ccccc1,46887333,3.095,Active,0.0,2
769,COc1ccc(NC(=O)[C@@H](NS(=O)(=O)c2cccc(C(=O)NO)c2)c2ccccc2)cc1,145978533,,Unspecified,0.0,1
769,O=C(NO)c1cccc(S(=O)(=O)NCc2ccccc2)c1,141522811,,Unspecified,0.0,2
537,COc1ccc(N(C)c2nc(C)nc3ccccc23)cc1OCCCC(=O)NO,122550211,0.386,Active,1.0,1
707,COc1ccc(C(=O)Nc2cc(-c3cccs3)ccc2N)cc1,23648268,0.2,Active,1.0,1
769,Cc1cccc2c1SC(=S)N1CCCN=C21,155549087,,Unspecified,0.0,1
591,COc1ccc(NC(=O)C=Cc2cn(-c3ccccc3)nc2-c2ccc([N+](=O)[O-])cc2)cc1,70686232,1.15,Active,0.0,1
769,CCCC(CCC)C(=O)O,3121,,Unspecified,0.0,2
547,COc1ccc(-c2noc(CNCc3ccc(C(=O)Nc4ccccc4N)cc3)n2)cc1,118735148,0.29,Active,1.0,1
181,CCC(=O)CCCCC[C@H](NC(=O)[C@H]1CC12CCN(C)CC2)c1ncc(-c2cn(C)c3ccccc23)[nH]1,162506662,0.0029,Active,1.0,1
410,Cc1c2ccc(N(C)c3ccnc(Nc4ccc(C(=O)NCCCCCC(=O)NO)cc4)n3)cc2nn1C,145974717,0.017,Active,1.0,1
30,O=C(NO)c1ccc(CN2C(=O)C(Cc3ccccc3)N(Cc3ccc(Cl)cc3)C2=O)cc1,164613902,8.2639,Active,0.0,2
413,O=C(NO)c1ccc(CN2C(=O)c3cccc4c(N5CCOCC5)ccc(c34)C2=O)cc1,145973368,0.0988,Active,1.0,1
514,CC1CN(C(=O)Nc2ccc(-c3nc(N4CCOCC4)c4cnn(CCCCCCC(=O)NO)c4n3)cc2)CCO1,137628684,0.00061,Active,1.0,1
766,O=C(CCCCCCC(=O)NO)NO,5173,8.23,Active,0.0,1
648,O=C(CCCCCCc1nc(-c2cccc([N+](=O)[O-])c2)no1)NO,46190822,1.56,Active,0.0,1
740,O=C(CCCCCCC(=O)C(F)(F)F)Nc1ccccc1,9882812,1.4,Active,0.0,1
551,Cn1c(=O)ccc2cc(C(=O)NCCCCCCC(=O)NO)ccc21,117829462,0.09,Active,1.0,1
353,O=C(N[C@@H](CCCCNC(=O)c1c(O)cccc1F)c1ncc(-c2ccc3ccccc3c2)[nH]1)c1cncs1,155289404,0.1765,Active,1.0,2
758,COc1ccc(C(=O)Nc2ccccc2N)cc1,785232,0.9,Active,1.0,1
525,CCOc1cc(NC(=O)CCCCCNC(=O)C(N)Cc2ccccc2)cc2c1OCC([N+](=O)[O-])=C2,132576544,1.294,Active,0.0,1
679,O=C(/C=C/C1CCC(c2ccc(O)cc2)CC1)NO,42632371,0.31,Active,1.0,1
209,CCC(=O)CCCCC[C@H](NC(=O)[C@H]1CC12CCC(N(C)C)CC2)c1ncc(-c2cc3ccccc3nc2OC)[nH]1,156017390,0.0018,Active,1.0,1
232,CCC(=O)CCCCC[C@H](NC(=O)[C@@H]1CC12CCCN(C)C2)c1ncc(-c2cc3ccccc3nc2OC)[nH]1,156011886,0.0246,Active,1.0,1
174,CCC(=O)CCCCC[C@H](NC(=O)C1CN(C)C1)c1[nH]c(-c2ccccc2)nc1C(N)=O,162643144,0.1937,Active,1.0,3
467,Nc1cc(F)ccc1NC(=O)c1ccc(NC(=O)Cc2ccc(F)cc2)cn1,142489319,3.0,Active,0.0,1
528,CCOc1cc(NC(=O)CCCCCCC(=O)Nc2cc(-c3ccccc3)ccc2N)cc2c1OCC([N+](=O)[O-])=C2,132576540,0.827,Active,1.0,1
704,O=C1CCC=CCCC(=O)N(Cc2cccc(C=NNC(=O)c3cccc(C(=O)NO)c3)c2)CC(c2ccccc2)O1,23846833,3.6,Active,0.0,1
570,Cc1ccccc1-c1ccc(C=NNC(=O)CCCCCC(=O)NO)cc1,73707536,0.0188,Active,1.0,1
644,O=C(CCCCCCc1nc(-c2ccc(F)cc2)no1)NO,46190826,6.26,Active,0.0,1
700,CC(C)C1NC(=O)C2(C)CSC(=N2)c2csc(n2)CNC(=O)CC(C=CCCS)OC1=O,24938735,0.0095,Active,1.0,1
769,S=C1Sc2cc(Br)ccc2C2=NCCN12,155529137,,Unspecified,0.0,1
115,O=C(NO)c1ccc(Nc2c3ccccc3nc3ccc(OCc4ccccc4)cc23)cc1,162659066,3.5,Active,0.0,1
651,O=C(CCCCCCc1nc(-c2ccc([N+](=O)[O-])cc2)no1)NO,46190756,0.23,Active,1.0,1
754,COc1ccc(NC(=O)C=Cc2cn(-c3ccccc3)nc2-c2ccc(Br)cc2)cc1,2423676,5.35,Active,0.0,1
769,S=C1Sc2ccc(Cl)cc2C2=NCCN12,129104349,,Unspecified,0.0,1
613,O=C(CCCCCCNC(=O)c1cnc(N(c2ccccc2)c2ccccc2)nc1)NO,53340666,0.1934,Active,1.0,5
534,CC(C)n1cnc2c(NCCCCCCC(=O)NO)nc(N)nc21,127039213,0.154,Active,1.0,1
737,COc1ccc(NCc2ccc(C(=O)Nc3ccccc3O)cc2)cc1OC,10110195,0.2,Active,1.0,1
217,O=C(NO)c1ccc(NC(=O)C2(c3ccc(-c4cn[nH]c4)cc3)CCCCC2)cc1,156014913,0.01,Active,1.0,1
145,CCC(=O)CCCCC[C@H](NC(=O)[C@H]1CC12CCN(CC)CC2)c1ncc(-c2cccc(Cl)c2OC)[nH]1,162653809,0.034,Active,1.0,1
286,CCCNNC(=O)c1ccc(CNCCc2c(C)[nH]c3ccccc23)cc1.O=C(O)C(F)(F)F,155546022,0.1075,Active,1.0,1
147,CCC(=O)CCCCC[C@H](NC(=O)[C@H]1CC12CCN(CC)CC2)c1ncc(-c2cc(Cl)ccc2OC)[nH]1,162653755,0.0018,Active,1.0,1
769,O=C(/C=C/C=C/c1ccc(-c2ccccc2)cc1)NO,42632614,,Unspecified,0.0,1
759,Nc1ccccc1NC(=O)c1ccccc1,759408,6.55,Active,0.0,2
65,COc1cc(OC)c2c(N3CCS(=O)(=O)CC3)nc(-c3cc(C)c(OCCCCCC(=O)NO)c(C)c3)nc2c1,162671396,0.1359,Active,1.0,1
262,COC(=O)c1ccc2ccccc2c1OCCCCCCCC(=O)NO,155559583,5.62,Active,0.0,2
273,COc1ccc2c(c1)N(Cc1ccc(C(=O)NO)cc1)c1ccccc1S2,155553215,0.35,Active,1.0,1
686,CCC(=O)NCc1ccc(C(=O)Nc2cc(-c3cccs3)ccc2N)cc1,25157071,0.47,Active,1.0,1
769,O=C(NO)c1ccc(Nc2c3c(nc4ccccc24)CCCC3)cc1,162677045,,Unspecified,0.0,1
233,CCC(=O)CCCCC[C@H](NC(=O)[C@H]1CCC12CCN(CC)CC2)c1ncc(-c2cc3ccccc3nc2OC)[nH]1,156011619,0.002,Active,1.0,1
662,O=C(CCCCCCc1nc(-c2ccccc2Cl)no1)C(F)(F)F,46187887,1.58,Active,0.0,1
321,CCCCN(CCC)NC(=O)C=Cc1ccc(CNCCc2c(C)[nH]c3ccccc23)cc1.O=C(O)C(F)(F)F,155527290,3.222,Active,0.0,1
769,CCCCCCC(CCCCCC(=O)Nc1ccccc1)C(=O)NO,134156853,,Unspecified,0.0,1
15,CCC(=O)CCCCC[C@H]1NC(=O)[C@H]2CCCCN2C(=O)[C@H]([C@@H](C)CC)NC(=O)[C@@H](Cc2cn(OC)c3ccccc23)NC1=O,164619879,1.52975,Active,0.0,4
769,CCCCC[C@H](NC(=O)C1CN(C)C1)c1ncc(-c2cc3ccccc3nc2OC)[nH]1,164627737,,Unspecified,0.0,2
475,O=C(CCCCCCn1cc(Nc2nccc(Nc3ccc(F)cc3)n2)cn1)NO,141728877,0.018,Active,1.0,1
587,COc1ccc(-c2nn(-c3ccccc3)cc2C=CC(=O)Nc2ccc(Cl)cc2)cc1,70694591,2.36,Active,0.0,1
299,CCCN(CCC)NC(=O)C=Cc1ccc(CNCCc2c(C)[nH]c3ccccc23)cc1.O=C(O)C(F)(F)F,155539714,1.366,Active,0.0,1
278,Cc1[nH]c2ccccc2c1CC(=O)NOCc1ccc(/C=C/C(=O)NO)cc1,155549392,1.885,Active,0.0,2
379,N[C@@H](CCCCCC(=O)c1cocn1)c1ncc(-c2ccccc2F)[nH]1,146317396,0.74,Active,1.0,1
45,CCC(=O)CCCCC[C@H](NC(=O)[C@H]1CC12CCN(CC)CC2)c1ncc(-c2c(OC)ccc(F)c2F)[nH]1,162676857,1.553,Active,0.0,1
687,CCOC(=O)NCc1ccc(C(=O)Nc2cc(-c3cccs3)ccc2N)cc1,25155956,0.071,Active,1.0,1
548,Cc1ccc(-c2noc(CNCc3ccc(C(=O)Nc4ccccc4N)cc3)n2)cc1,118735147,0.56,Active,1.0,1
769,Cc1cccc(C(=O)NO)c1,4288771,,Unspecified,0.0,1
530,CCOc1cc(NC(=O)CCCCCCC(=O)Nc2ccccc2N)cc2c1OCC([N+](=O)[O-])=C2,132576538,0.439,Active,1.0,1
454,COc1cc2nc(-c3ccc(C)o3)cc(NCC3C4CCC3CN(c3ncc(C(=O)NO)cn3)C4)c2cc1OC,142495399,0.125,Active,1.0,1
468,CC(C)[C@H](C(=O)Nc1ccc(C(=O)Nc2ccc(F)cc2N)nc1)c1ccccc1,142489318,2.5,Active,0.0,1
769,O=C(CCNC(=O)c1cc(-c2ccc(F)cc2)n[nH]1)NO,145968364,,Unspecified,0.0,1
769,CCn1c(SCCCCCC(=O)NO)nnc1-c1ccncc1,164619142,,Unspecified,0.0,1
508,Nc1ccccc1NC(=O)c1ccc(CNC(=O)CN2C(=O)C3(OCCCO3)c3cc(Cl)ccc32)cc1,137643760,0.223,Active,1.0,1
158,CC1(C)C(=O)C(C#N)=C[C@]2(C)[C@H]3C(=O)C=C4[C@@H]5C[C@@](C)(C(=O)N6CCN(c7ccc(NC(=O)CCCCCCC(=O)NO)cc7)CC6)CC[C@]5(C)CC[C@@]4(C)[C@]3(C)CC[C@@H]12,162651274,4.83,Active,0.0,1
362,CCCN1CCC2(CC1)C[C@@H]2C(=O)N[C@@H](CCCCCC(=O)CC)c1ncc(-c2cc3ccccc3nc2OC)[nH]1,153084466,0.0103,Active,1.0,1
429,CCCc1cc(-c2ccc(F)cc2)n(Cc2ccc(C(=O)NO)cc2)n1,145967851,2.883,Active,0.0,1
769,Cc1cccc2c1C1=NCCN1C(=S)S2,155568350,,Unspecified,0.0,1
17,CSc1ccc2c(c1)N(Cc1ccc(C(=O)NO)cc1)c1ccccc1S2=O,164619071,1.68,Active,0.0,1
769,O=C(NO)c1ccc(CNCc2nc(-c3ccccc3)no2)cc1,46190552,,Unspecified,0.0,1
178,CCC(=O)CCCCC[C@H](NC(=O)[C@H]1CC12CCN(C)CC2)c1ncc(-c2ccn3ncnc3c2)[nH]1,162506897,0.2995,Active,1.0,2
769,CC[C@H](Nc1ncnc2nc[nH]c12)c1nc(CCCCCC(=O)NO)c2ccccc2n1,142505968,,Unspecified,0.0,1
162,CCC(=O)CCCCC[C@H](NC(=O)[C@H]1CC12CCN(CC)CC2)c1ncc(-c2cc(C(F)(F)F)ccc2OC)[nH]1,162649434,0.016,Active,1.0,1
628,COc1ccc(-c2ccc(N)c(NC(=O)c3ccccc3)c2)cc1,46887379,0.5,Active,1.0,2
95,COc1cccc(-c2ccc3c(NC(=O)CCCC(=O)NO)n[nH]c3c2)c1,162663710,0.168,Active,1.0,1
96,O=C(NO)c1ccc(COc2ccc(-c3csc(-n4[nH]c(-c5ccccc5)c(N=Nc5nccs5)c4=O)n3)cc2)cc1,162663695,0.085,Active,1.0,1
734,Nc1ccc(-c2cccs2)cc1NC(=O)c1ccc2nccnc2c1,11393847,0.2,Active,1.0,1
194,CN(C)S(=O)(=O)c1ccc(NCCCCCCC(=O)NO)c2nonc12,156021695,0.2065,Active,1.0,2
663,O=C(CCCCCCc1nc(-c2ccc([N+](=O)[O-])cc2)no1)C(F)(F)F,46187886,8.15,Active,0.0,1
165,CCC(=O)CCCCCC(NC(=O)c1cncs1)c1[nH]c(-c2ccccc2)nc1C(N)=O,162646379,0.239233333,Active,1.0,3
223,CCC(=O)CCCCC[C@H](NC(=O)[C@H]1CC12CCN(CC)CC2)c1nc(-c2cc3ccccc3nc2OC)n[nH]1,156013627,0.103,Active,1.0,1
769,S=C1Sc2cc(Cl)ccc2C2=NCCCN12,155531452,,Unspecified,0.0,1
385,COc1ccccc1-c1nc(C(=O)N(C)Cc2ccc(C(=O)NO)cc2)cc2c1[nH]c1ccccc12,145993428,0.96,Active,1.0,1
741,O=CN(O)CCCCCC(C(=O)Nc1ccc2ncccc2c1)C(=O)Nc1ccc2ncccc2c1,9848223,0.27,Active,1.0,1
192,O=C(/C=C/c1cccc(S(=O)(=O)NCCCN2c3ccccc3CCc3ccc(Cl)cc32)c1)NO,156022065,8.48,Active,0.0,1
93,CCC(=O)CCCCCC(NC(=O)c1cncs1)c1[nH]c(-c2ccccc2)nc1C(=O)NC,162664608,0.8218,Active,1.0,3
108,CCC(=O)CCCCCC(NC(=O)c1cncs1)c1[nH]c(-c2ccccc2)nc1C(=O)NCCN(C)C,162660603,0.6827,Active,1.0,3
769,O=C(NO)c1ccc(CCN2C(=O)c3cccc4c(N5CCOCC5)ccc(c34)C2=O)cc1,145953085,,Unspecified,0.0,1
732,Cn1cc(CNCC2CCN(c3ncc(C(=O)NO)cn3)CC2)c2ccccc21,11538455,0.00216,Active,1.0,2
735,COc1ccc(NCc2ccc(C(=O)Nc3cc(-c4cccs4)ccc3N)cc2)cc1OC,11167060,0.08,Active,1.0,1
769,O=C(NO)c1cccc(CNc2ccccc2)c1,71680918,,Unspecified,0.0,1
751,O=C(/C=C/c1ccccc1)NO,5355635,0.457,Active,1.0,1
284,O=C(NO)c1ccc(Cn2c3c(c4ccccc42)COCC3)cc1,155546486,7.94328,Active,0.0,1
769,O=C(NO)c1cccc(S(=O)(=O)N[C@H](C(=O)NCc2ccccc2)c2ccccc2)c1,145976000,,Unspecified,0.0,2
769,CC(C)(C)Nc1c(-c2cccc(C(=O)Nc3ccc(F)cc3N)c2)nc2ccccn12,164609642,,Unspecified,0.0,1
769,CSc1ccccc1C(=O)NCCCC[C@H](NC(=O)c1cncs1)c1ncc(-c2ccc3ccccc3c2)[nH]1,155289405,,Unspecified,0.0,2
647,Cc1ccc(-c2noc(CCCCCCC(=O)NO)n2)cc1,46190823,2.78,Active,0.0,1
594,O=C(C=Cc1cn(-c2ccccc2)nc1-c1ccc(Br)cc1)Nc1ccc(Cl)cc1,70684090,4.99,Active,0.0,1
348,Nc1cc(F)ccc1NC(=O)c1ccc(CNC(=O)/C=C/c2ccncc2)cc1,155512474,0.15,Active,1.0,1
769,Cc1[nH]c2ccccc2c1CCNCc1ccc(C=CC(=O)NNCCN)cc1.O=C(O)C(F)(F)F,155526247,,Unspecified,0.0,1
769,CNC(=O)c1cccc(C(=O)NO)c1,71680917,,Unspecified,0.0,1
769,CC(C)(C)c1ccc(C(=O)Nc2ccc(C(=O)NO)cc2)cc1,11688197,,Unspecified,0.0,1
331,CCCCCCN(CCC)NC(=O)C=Cc1ccc(CNCCc2c(C)[nH]c3ccccc23)cc1.O=C(O)C(F)(F)F,155520399,9.835,Active,0.0,1
669,CC(=O)CCCCCC(NC1CCCCN1C)C(=O)Nc1nc(-c2ccccc2)cs1,44456965,0.17,Active,1.0,1
727,C/C=C1\NC(=O)[C@H]2CSSCC/C=C/[C@@H](CC(=O)N[C@H](C(C)C)C(=O)N2)OC(=O)[C@H](C(C)C)NC1=O,11947684,0.001,Active,1.0,1
76,COc1cc(Nc2nc(N)nc3c2ncn3Cc2ccc(C(=O)Nc3ccccc3N)cc2)cc(OC)c1,162668663,0.179,Active,1.0,1
653,O=C(CCCCCCc1nc(-c2ccccc2)no1)NO,46190753,1.17,Active,0.0,1
561,CC1(C)CC(=O)Nc2ccc(NC(=O)CCCCCCC(=O)NO)cc21,86581153,0.01,Active,1.0,1
423,O=C(CCCCCCNC(=O)c1cc(-c2ccc(F)cc2)n[nH]1)NO,145969456,0.04,Active,1.0,1
54,CCC(=O)CCCCC[C@H](NC(=O)[C@H]1CC12CCN(CC)CC2)c1ncc(-c2cccc(C(F)(F)F)c2OC)[nH]1,162673789,0.063,Active,1.0,1
630,Nc1ccc(-c2cc3ccccc3s2)cc1NC(=O)c1ccccc1,46887335,10.0,Active,0.0,2
330,CCc1ccc(SCc2ccc(C(=O)Nc3ccccc3N)cc2)cc1,155521283,0.144,Active,1.0,1
163,CCC(=O)CCCCC[C@H](NC(=O)[C@H]1CC12CCN(C)CC2)c1[nH]c(-c2ccccc2F)nc1C#N,162648396,0.608,Active,1.0,3
712,COc1ccc(NCc2ccc(C(=O)Nc3cc(-c4ccccc4)ccc3N)cc2)cc1OC,23648261,0.1,Active,1.0,1
769,Fc1cccc2c1C1=NCCN1C(=S)S2,155513471,,Unspecified,0.0,1
248,Cn1c(SCc2ccc(C(=O)Nc3ccccc3N)cc2)nc2cc(Br)ccc2c1=O,155568767,0.53,Active,1.0,1
769,O=C(NO)c1cccc(S(=O)(=O)Nc2ccccc2)c1,11637884,,Unspecified,0.0,2
769,S=C1Sc2ccc(I)cc2C2=NCCCN12,155512551,,Unspecified,0.0,1
2,O=C(NO)c1ccc(CN2c3ccccc3S(=O)c3ccc(C(F)(F)F)cc32)cc1,164627475,2.12,Active,0.0,1
543,Nc1ccccc1NC(=O)c1ccc(CNCc2nc(-c3ccc(F)cc3)no2)cc1,118735152,0.28,Active,1.0,1
155,O=C(NO)c1ccc(Nc2c3ccccc3nc3ccc(OC(F)(F)F)cc23)cc1,162651817,0.67,Active,1.0,1
187,O=Nc1c(-c2c(O)n(Cc3ccc(C(=O)NO)cc3)c3c(Cl)cccc23)[nH]c2ccccc12,156901831,0.088,Active,1.0,1
524,CCOc1cc(NC(=O)CCCCNC(=O)C(N)Cc2ccccc2)cc2c1OCC([N+](=O)[O-])=C2,132576546,2.915,Active,0.0,1
769,Cc1[nH]c2ccccc2c1CCNCc1ccc(C=CC(=O)NN2CCCCC2)cc1.O=C(O)C(F)(F)F,155544603,,Unspecified,0.0,1
409,Cc1c2ccc(N(C)c3ccnc(Nc4cccc(C(=O)NCCCCCC(=O)NO)c4)n3)cc2nn1C,145976956,0.18,Active,1.0,1
769,O=C(N[C@@H](CCCCNC(=O)c1ccccc1OC(F)(F)F)c1ncc(-c2ccc3ccccc3c2)[nH]1)c1cncs1,162652074,,Unspecified,0.0,1
668,O=C(CCCCC(=O)NN=Cc1ccc(-c2ccccc2)cc1)NO,44506448,0.033,Active,1.0,1
455,COc1cc2c(NCC3CCC(C(=O)NO)CC3)cc(-c3ccc(C)o3)nc2cc1OCCCN1CCCC1,142495374,0.159,Active,1.0,1
612,[N-]=[N+]=NCc1cc(Cn2cc(NC(=O)CCCCCCC(=O)NO)cn2)cc(N=[N+]=[N-])c1,53361474,1.0,Active,0.0,1
755,COc1ccc(NC(=O)C=Cc2cn(-c3ccccc3)nc2-c2ccc(OC)cc2)cc1,2295078,3.02,Active,0.0,1
617,Nc1ccccc1NC(=O)C=Cc1ccc(C(NCCN2CCOCC2)C(=O)Nc2ccc(C(F)(F)F)cc2)cc1,50942502,0.29,Active,1.0,1
184,O=Nc1c(-c2c(O)n(Cc3ccc(C(=O)NO)cc3)c3ccc(F)cc23)[nH]c2ccccc12,156901837,0.194,Active,1.0,1
57,O=C(NO)c1ccc(CNC(=O)c2ccc(-c3csc(-n4[nH]c(-c5ccccc5)c(N=Nc5nccs5)c4=O)n3)cc2)cc1,162673027,0.13035,Active,1.0,2
215,O=C(O)c1cccc(-c2ccc(C3(C(=O)Nc4ccc(C(=O)NO)cc4)CCCC3)cc2)c1,156015592,0.013,Active,1.0,1
769,Cc1cccc2c1SC(=S)N1CCN=C21,155529066,,Unspecified,0.0,1
148,CCC(=O)CCCCC[C@H](NC(=O)[C@H]1CC12CCN(C)CC2)c1ncc(-c2ccnc(N3CCOCC3)c2F)[nH]1,162653738,0.156,Active,1.0,2
680,O=C(/C=C/c1cccc(-c2ccc(O)cc2)c1)NO,42632370,0.32,Active,1.0,1
112,O=C(CCCOc1ccc(-c2csc(-n3[nH]c(-c4ccccc4)c(N=Nc4nccs4)c3=O)n2)cc1)NO,162659199,0.6748,Active,1.0,1
256,CCCNNC(=O)c1ccc(CNCc2ccccc2)cc1.O=C(O)C(F)(F)F,155562145,0.4413,Active,1.0,1
573,CCOC(=O)NCCCC(=O)NCCc1ccccc1,72946782,0.0001155,Active,1.0,2
769,S=C1Sc2ccc(Br)cc2C2=NCCCN12,155567444,,Unspecified,0.0,1
769,CC(=O)N(O)CCCCCCCC(=O)Nc1ccccc1,44359673,,Unspecified,0.0,1
489,O=C(CCCCCn1cc(Nc2ncc(Cl)c(Nc3cccc(Cl)c3)n2)cn1)NO,141728827,0.004,Active,1.0,1
91,Cc1cn[nH]c1Nc1nc(Cl)nc2c1ncn2Cc1ccc(C(=O)Nc2ccccc2N)cc1,162664727,0.739,Active,1.0,1
629,Nc1ccc(-c2ccncc2)cc1NC(=O)c1ccccc1,46887378,2.085,Active,0.0,2
585,O=C(C=Cc1cn(-c2ccccc2)nc1-c1ccc([N+](=O)[O-])cc1)Nc1ccc(Br)cc1,70696632,0.55,Active,1.0,1
506,Nc1ccc(-c2cccs2)cc1NC(=O)c1ccc(CNC(=O)CN2C(=O)C3(OCCCO3)c3cc(Cl)ccc32)cc1,137648171,0.179,Active,1.0,1
631,C=Cc1ccc(-c2ccc(N)c(NC(=O)c3ccccc3)c2)cc1,46887334,2.9,Active,0.0,2
769,O=C(NO)c1cccc(C(=O)NCc2ccccc2)c1,71680915,,Unspecified,0.0,1
496,Cc1c2ccc(N(C)c3ccnc(Nc4ccc(C(=O)NCCCCCCC(=O)Nc5ccccc5N)cc4)n3)cc2nn1C,141504714,5.0,Active,0.0,1
636,Nc1ccccc1NC(=O)CCCCCCc1nc(-c2ccc(F)cc2)no1,46203951,2.57,Active,0.0,1
769,C=CCn1c(SCCCCCC(=O)NO)nnc1-c1ccncc1,164618088,,Unspecified,0.0,1
769,CC[C@H](Nc1ncnc2nc[nH]c12)c1nc(CCCCC(=O)NO)c2ccccc2n1,142505992,,Unspecified,0.0,1
160,CCC(=O)CCCCC[C@H](NC(=O)[C@H]1CC12CCN(C)CC2)c1[nH]c(-c2ccc(F)cc2)nc1C(N)=O,162650292,0.149433333,Active,1.0,3
769,COc1cccc(O)c1C(=O)NCCCC[C@H](NC(=O)c1cncs1)c1ncc(-c2ccc3ccccc3c2)[nH]1,162652548,,Unspecified,0.0,2
504,O=C(CCCC(CCC(=O)Nc1ccccc1)Cc1ccccc1)NO,137657845,3.5,Active,0.0,1
179,CCC(=O)CCCCC[C@H](NC(=O)[C@H]1CC12CCN(C)CC2)c1ncc(-c2cnc3cccnc3c2)[nH]1,162506733,0.1265,Active,1.0,2
197,CCC(=O)CCCCC[C@H](NC(=O)[C@H]1CC12CCN(CC)CC2)c1ncc(-c2cc3ccccc3nc2OC)o1,156020756,0.0045,Active,1.0,1
105,COc1cc(CNc2nc(NCc3ccc(C(=O)Nc4ccccc4N)cc3)nc3[nH]ccc23)cc(OC)c1,162661379,0.481,Active,1.0,1
416,O=C(NO)c1ccc(CNC(=O)c2cc(-c3ccc(F)cc3)n[nH]2)cc1,145970598,0.017,Active,1.0,1
535,O=C(CCCCCNc1nc(Cl)nc2c1ncn2Cc1ccccc1)NO,127027767,0.056,Active,1.0,1
484,CNc1nc(Nc2cnn(CCCCCCC(=O)NO)c2)ncc1Cl,141728842,0.1025,Active,1.0,2
237,O=C(CCCCCCCCC(=O)NCCCN1c2ccccc2CCc2ccc(Cl)cc21)NO,156010681,3.03,Active,0.0,1
769,COc1cc2c(NC3CCN(C)CC3)cc(-c3ccc(C)o3)nc2cc1OCCCN1CCCC1,118607432,,Unspecified,0.0,1
728,CCC(=O)CCCCCC(NC(=O)Cc1c(C)[nH]c2ccc(OC)cc12)c1ncc(-c2ccccc2)[nH]1,11700059,0.059,Active,1.0,1
183,O=Nc1c(-c2c(O)n(Cc3ccc(C(=O)NO)cc3)c3ccccc23)[nH]c2ccccc12,156901838,0.205,Active,1.0,1
182,CCC(=O)CCCCC[C@H](NC(=O)[C@H]1CC12CCN(C)CC2)c1[nH]c(-c2ccc(F)cc2)nc1C#N,162506561,0.220566667,Active,1.0,3
769,CC(C)(C(=O)Nc1ccc(C(=O)Nc2ccc(F)cc2N)cc1)c1ccccc1,142489337,,Unspecified,0.0,1
358,Cc1cc(-c2nc3sc4c(c3c(=O)[nH]2)CCN(C)C4)cc(C)c1OCCCCCC(=O)Nc1ccccc1N,153534008,0.17,Active,1.0,1
84,CCC(=O)CCCCC[C@H](NC(=O)[C@H]1CC12CCN(CC)CC2)c1[nH]c(-c2ccc(F)cc2)nc1C(N)=O,162665723,0.121,Active,1.0,3
574,O=C(CCCC(=O)NCCc1ccccc1)NO,72734543,0.0035,Active,1.0,1
58,CCC(=O)CCCCC[C@H](NC(=O)[C@H]1CC12CCN(CC)CC2)c1ncc(-c2cc(F)c(F)cc2OC)[nH]1,162672989,0.027,Active,1.0,1
461,C[C@H](C(=O)Nc1ccc(C(=O)Nc2ccc(F)cc2N)nc1)c1ccccc1,142489342,2.0,Active,0.0,1
156,COc1ccc(S(=O)(=O)Nc2ccccc2NCc2ccc(C(=O)Nc3ccccc3N)cc2)cc1,162651670,1.47,Active,0.0,1
769,O=C(NO)C1CCCCC1,3432579,,Unspecified,0.0,1
769,O=C(NO)c1ccc(CNCc2nc(-c3cccs3)no2)cc1,46190556,,Unspecified,0.0,1
769,S=C1Sc2cccc(Br)c2C2=NCCN12,155544459,,Unspecified,0.0,1
198,O=C(CCCCC(=O)NCCCN1c2ccccc2CCc2ccc(Cl)cc21)NO,156020492,9.62,Active,0.0,1
685,COc1ccc(Br)c(C=NNC(=O)CCCCCC(=O)NO)c1,42618298,0.005,Active,1.0,1
769,O=C(NO)[C@H](Cc1ccccc1)n1nnc(-c2ccccc2)c1C#CC1CC1,76853213,,Unspecified,0.0,1
60,Nc1ccccc1NC(=O)c1ccc(Cn2cnc3c(Nc4ccc(C(=O)NO)cc4)nc(Cl)nc32)cc1,162672667,1.45,Active,0.0,1
175,COc1ccc(S(=O)(=O)Nc2ccccc2OCc2ccc(C(=O)Nc3ccccc3N)cc2)cc1,162642931,4.95,Active,0.0,1
622,Nc1ccc(-c2cc3ccccc3o2)cc1NC(=O)c1ccccc1,46887475,10.0,Active,0.0,2
312,CCCCCN(CCC)NC(=O)C=Cc1ccc(CNCCc2c(C)[nH]c3ccccc23)cc1.O=C(O)C(F)(F)F,155530932,7.316,Active,0.0,1
769,Cc1ccc2c(c1)C1=NCCCN1C(=S)S2,121278998,,Unspecified,0.0,1
696,O=C(CCCCC(OCc1ccccc1)C(=O)Nc1ccccc1)NO,25065925,0.5,Active,1.0,1
769,COc1ccc2c(c1)C1=NCCN1C(=S)S2,155545078,,Unspecified,0.0,1
374,CCC(=O)CCCCC[C@H](NC(=O)[C@H]1CC12CCN(Cc1ccc(OC)cc1)CC2)c1ncc(-c2cc3ccccc3nc2OC)[nH]1,146894788,0.0174,Active,1.0,1
245,Cc1coc(C(=O)CCCCC[C@H](NC(=O)C2CCN(C)CC2)c2ncc(-c3ccc(F)cc3)[nH]2)n1,155924154,1.175,Active,0.0,2
203,CCC(=O)CCCCC[C@H](NC(=O)[C@H]1CC12CCN(C)CC2)c1nnc(-c2cc3ccccc3nc2OC)o1,156018960,0.0582,Active,1.0,1
303,CN(C)c1ccc(C(=O)N(CC(=O)NCc2ccccc2)Cc2ccc(C(=O)Nc3ccccc3N)cc2)cc1,155537112,0.283,Active,1.0,1
494,O=C(CCCCCCn1cc(Nc2ncc(Cl)c(Nc3ccccc3)n2)cn1)NO,141728806,0.019,Active,1.0,1
580,O=C(CCCCCCC(=O)NCC1OC2OC3C(CO)OC(OC4C(CO)OC(OC5C(CO)OC(OC6C(CO)OC(OC7C(CO)OC(OC8C(CO)OC(OC1C(O)C2O)C(O)C8O)C(O)C7O)C(O)C6O)C(O)C5O)C(O)C4O)C(O)C3O)NO,71624738,1.2,Active,0.0,1
483,O=C(CCCCCCCn1cc(Nc2ncc(Cl)c(Nc3ccc(F)cc3)n2)cn1)NO,141728845,0.234,Active,1.0,2
769,CNC(=O)[C@H](Cc1ccccc1)n1nnc(-c2ccccc2)c1C#Cc1ccccc1,155542994,0.0,Inactive,0.0,1
769,Fc1cc(Br)cc2c1C1=NCCN1C(=S)S2,155565674,,Unspecified,0.0,1
225,CCC(=O)CCCCC[C@H](NC(=O)CC1CC2(C1)CN(C)C2)c1ncc(-c2cc3ccccc3nc2OC)[nH]1,156013472,0.0051,Active,1.0,1
762,O=C(CCCc1ccccc1)NO,279980,0.6,Active,1.0,1
25,CC(C)S(=O)(=O)c1ccccc1Nc1nc(Nc2ccc(NC(=O)CCCCCCC(=O)NO)cc2)ncc1Cl,164616925,0.0093,Active,1.0,1
338,CCCNNC(=O)c1cccc(CNCCc2c(C)[nH]c3ccccc23)c1.O=C(O)C(F)(F)F,155516139,4.942,Active,0.0,1
769,CN1CCc2c(n(Cc3ccc(C(=O)NO)cc3)c3ccccc23)C1,46918825,,Unspecified,0.0,1
702,COc1ccc2[nH]c(C)c(CC(=O)NC(CCCCCC(C)=O)c3nc4ccc(Cl)cc4[nH]3)c2c1,24853792,0.88,Active,1.0,1
542,Nc1ccccc1NC(=O)c1ccc(CNCc2nc(-c3cccs3)no2)cc1,118735153,4.39,Active,0.0,1
110,Nc1ccccc1NC(=O)c1ccc(NC(=O)CCCCNc2cccc3c2C(=O)N(C2CCC(=O)NC2=O)C3=O)cc1,162660382,1.0,Active,0.0,1
675,O=CN(O)CCCCCCCC(=O)Nc1ccccc1,44359674,7.8,Active,0.0,1
756,COc1ccc(NC(=O)C=Cc2cn(-c3ccccc3)nc2-c2ccc(C)cc2)cc1,2175719,6.45,Active,0.0,1
417,CCCc1cc(-c2ccc(F)cc2)nn1Cc1ccc(C(=O)NO)cc1,145970453,0.362,Active,1.0,1
688,Nc1ccc(-c2ccccc2)cc1NC(=O)c1ccc(CNC(=O)OCc2cccnc2)cc1,25155417,0.072,Active,1.0,1
588,COc1ccc(-c2nn(-c3ccccc3)cc2C=CC(=O)Nc2ccccc2)cc1,70694590,2.67,Active,0.0,1
624,COc1cccc(-c2ccc(N)c(NC(=O)c3ccccc3)c2)c1,46887438,2.35,Active,0.0,2
638,Nc1ccccc1NC(=O)CCCCCCc1nc(-c2cccnc2)no1,46203949,3.16,Active,0.0,1
134,CCC(=O)CCCCC[C@H](NC(=O)CN(C)C)c1[nH]c(-c2ccc(F)cc2)nc1C#N,162655376,1.785333333,Active,0.0,3
208,N[C@@H](CCCCCC(=O)c1ccon1)c1cnn(-c2ccc(F)cc2)n1,156017747,1.8405,Active,0.0,2
769,Fc1ccc2c(c1)SC(=S)N1CCCN=C21,44623153,,Unspecified,0.0,1
473,Cc1ccc(CN2CCC(c3noc(CN(C)c4ncc(C(=O)NO)cn4)n3)CC2)cc1,141764754,0.0036,Active,1.0,1
146,CCC(=O)CCCCC[C@H](NC(=O)[C@H]1CC12CCN(CC)CC2)c1ncc(-c2cccnc2OC)[nH]1,162653763,0.056,Active,1.0,1
355,CCC(=O)CCCCC[C@H](NC(=O)[C@H]1CC12CCN(C)CC2)c1ncc(-c2cc3ccccc3nc2OC)[nH]1,153582290,0.0014,Active,1.0,1
450,O=C(CCCCCCNC(=O)c1ccc(CNC2(c3ccccc3)CC2)cc1)NO,145949712,0.023,Active,1.0,1
119,O=C(CCCCCOc1ccc(-c2csc(-n3[nH]c(-c4ccccc4)c(N=Nc4nccs4)c3=O)n2)cc1)NO,162658370,0.0758,Active,1.0,1
673,COc1cccc(COC(CCCCCC(=O)NO)C(=O)N(Cc2cccc(OC)c2)c2ccccc2)c1,44443716,0.5,Active,1.0,1
420,Cc1ccc(-c2cc(C(F)(F)F)nn2Cc2ccc(C(=O)NO)cc2)cc1,145969996,1.216,Active,0.0,1
422,CCc1cc(-c2ccc(F)cc2)nn1Cc1ccc(C(=O)NO)cc1,145969651,0.391,Active,1.0,1
100,O=C(CCCCCNC(=O)c1ccc(-c2csc(-n3[nH]c(-c4ccccc4)c(N=Nc4nccs4)c3=O)n2)cc1)NO,162662919,0.0875,Active,1.0,1
294,O=C(/C=C/c1ccc(CONC(=O)Nc2ccccc2-c2ccccc2)cc1)NO,155543455,4.84,Active,0.0,2
89,Nc1nc(Cl)c2ncn(Cc3ccc(C(=O)Nc4ccccc4N)cc3)c2n1,162664919,0.761,Active,1.0,1
82,Nc1ccccc1NC(=O)c1ccc(Cn2cnc3c(Nc4ccc(F)c(Cl)c4)nc(Cl)nc32)cc1,162666240,3.78,Active,0.0,1
271,Cc1cc(-c2nc3sc4c(c3c(=O)[nH]2)CCN(C)C4)cc(C)c1OCc1cccc(C(=O)Nc2ccccc2N)c1,155554197,0.86,Active,1.0,1
204,CN(C)S(=O)(=O)c1ccc(NCCCCCNC(=O)NCC(=O)NO)c2nonc12,156018697,7.58,Active,0.0,1
104,CCC(=O)CCCCC[C@H](NC(=O)[C@H]1CC12CCN(C)CC2)c1ncc(-c2cnc(-n3cc(C)cn3)nc2)[nH]1,162662124,0.491,Active,1.0,1
376,CN1CC(C(=O)N[C@@H](CCCCCC(=O)c2ncco2)c2ncc(-c3ccc(F)cc3)[nH]2)C1,146317609,0.02305,Active,1.0,2
387,CCCCN(Cc1ccc(C(=O)NO)cc1)C(=O)c1cc2c([nH]c3ccccc32)c(-c2ccccc2OC)n1,145992467,0.34,Active,1.0,1
74,COc1ccc(-c2ccc3c(NC(=O)CCCCCCC(=O)NO)n[nH]c3c2)cc1,162668875,0.0042,Active,1.0,1
633,Nc1ccc(-c2ccc(F)cc2)cc1NC(=O)c1ccccc1,46830345,0.716,Active,1.0,2
462,CC[C@@H](C(=O)Nc1ccc(C(=O)Nc2ccc(F)cc2N)nc1)c1ccccc1,142489335,0.63,Active,1.0,1
421,Cc1ccc(-c2cc(C)nn2Cc2ccc(C(=O)NO)cc2)cc1,145969789,0.076,Active,1.0,1
476,CNc1nc(Nc2cnn(CCCCCCC(=O)NO)c2)ncc1C(F)(F)F,141728874,0.037,Active,1.0,1
656,O=C(NO)c1ccc(CNCc2nc(-c3ccc(F)cc3)no2)cc1,46190555,7.69,Active,0.0,1
769,Cc1c2ccc(N(C)c3ccnc(Nc4cccc(C(=O)NO)c4)n3)cc2nn1C,137487426,,Unspecified,0.0,1
769,S=C1Sc2ccccc2C2=NCCCN12,44623002,,Unspecified,0.0,1
49,O=C(CCCCOc1ccc(-c2csc(-n3[nH]c(-c4ccccc4)c(N=Nc4nccs4)c3=O)n2)cc1)NO,162675394,0.1185,Active,1.0,1
280,COc1ccc(NC(=O)NOCc2ccc(/C=C/C(=O)NO)cc2)cc1,155547606,0.53,Active,1.0,2
435,Cc1c2ccc(N(C)c3ccnc(Nc4ccc(C(=O)NCCCCCCC(=O)NO)cc4)n3)cc2nn1C,145966712,0.19165,Active,1.0,2
769,CC(C)C[C@H](NC(=O)[C@H](Cc1ccccc1)NC(=O)c1cccc(C(=O)NO)c1)B1O[C@@H]2[C@@H]3C[C@H](C[C@]2(C)O1)C3(C)C,155536229,,Unspecified,0.0,1
769,COc1cccc(COC(CCCCCC(=O)NO)C(=O)Nc2ccccc2)c1,25066137,,Unspecified,0.0,1
259,CCCNNC(=O)C=Cc1ccc(CN(CCc2c(C)[nH]c3ccccc23)C(=O)OC(C)(C)C)cc1,155561265,1.298,Active,0.0,1
645,O=C(CCCCCCc1nc(-c2cccs2)no1)NO,46190825,0.51,Active,1.0,1
241,N[C@@H](CCCCCC(=O)c1ccon1)c1cc(-c2ccccc2F)on1,155925380,0.8605,Active,1.0,2
253,CNc1nc(Nc2cnn(CCCCCC(=O)NO)c2)ncc1Cl,155563943,0.104,Active,1.0,1
393,CN(Cc1ccc(C(=O)NO)cc1)C(=O)c1cc2c(cn1)[nH]c1ccccc12,145988992,5.63,Active,0.0,1
670,Nc1ccc(-c2ccccc2)cc1NC(=O)c1ccccc1,44454143,0.4635,Active,1.0,2
769,S=C1Sc2ccc(Br)cc2C2=NCCN12,155537573,,Unspecified,0.0,1
